time/fps,time/time_elapsed,time/total_timesteps,time/iterations,train/clip_fraction,train/entropy_loss,train/value_loss,train/approx_kl,train/explained_variance,train/loss,train/std,train/learning_rate,train/clip_range,train/n_updates,train/policy_gradient_loss
156,3,512,1,,,,,,,,,,,
41,24,1024,2,0.0021484375,-8.514721965789795,0.0322338389698416,0.0019020508,-0.039624929428100586,-0.03930428624153137,1.0003403425216675,0.0001,0.2,10,-0.003108046262059361
35,43,1536,3,0.028125,-8.517179727554321,0.029755878960713744,0.005652113,-0.017953872680664062,-0.03582931309938431,1.000894546508789,0.0001,0.2,20,-0.006246766416006721
33,61,2048,4,0.013671875,-8.522394549846648,0.02881849980331026,0.0054908157,0.010235011577606201,-0.013895390555262566,1.0021113157272339,0.0001,0.2,30,-0.004444399051135406
32,79,2560,5,0.066015625,-8.526296162605286,0.0297565110726282,0.009524429,-0.07007944583892822,-0.06617987900972366,1.001970887184143,0.0001,0.2,40,-0.011883884749840945
31,96,3072,6,0.039453125,-8.525606489181518,0.028599992906674743,0.00667144,-0.024100422859191895,-0.04430284723639488,1.0019546747207642,0.0001,0.2,50,-0.006677534471964464
30,115,3584,7,0.0716796875,-8.525709772109986,0.02826748895458877,0.009033649,0.02243030071258545,-0.03714509680867195,1.0018409490585327,0.0001,0.2,60,-0.012172159511828795
30,133,4096,8,0.0564453125,-8.527691614627837,0.02415361671010032,0.008626149,0.14116311073303223,-0.03831794857978821,1.0030615329742432,0.0001,0.2,70,-0.010365987633122131
30,151,4608,9,0.034375,-8.529479658603668,0.04814815679565072,0.0063515357,-0.06934452056884766,-0.01778043992817402,1.0020726919174194,0.0001,0.2,80,-0.0074219604692189025
30,169,5120,10,0.0474609375,-8.525890398025513,0.033867486176313834,0.006436091,0.02376270294189453,-0.030973773449659348,1.002059817314148,0.0001,0.2,90,-0.007992944651050493
30,186,5632,11,0.05390625,-8.52442616224289,0.02963287939783186,0.008816257,0.06638425588607788,-0.05531904846429825,1.0015803575515747,0.0001,0.2,100,-0.01234350526938215
30,203,6144,12,0.0455078125,-8.52390285730362,0.059185618860647084,0.006902026,0.02507185935974121,-0.03591935709118843,1.0018731355667114,0.0001,0.2,110,-0.009510307204618585
29,222,6656,13,0.0896484375,-8.524623346328735,0.028676575905410572,0.009679239,0.0644296407699585,-0.06505335122346878,1.0016323328018188,0.0001,0.2,120,-0.014391986647387967
29,240,7168,14,0.0869140625,-8.526366174221039,0.028421454585622997,0.011115993,0.08363115787506104,-0.050455570220947266,1.002752423286438,0.0001,0.2,130,-0.010622048133518547
29,260,7680,15,0.04921875,-8.529047584533691,0.0235473757609725,0.0075637028,0.12781989574432373,-0.06226189434528351,1.002276062965393,0.0001,0.2,140,-0.008269531989935786
29,278,8192,16,0.066015625,-8.529026985168457,0.029125487245619298,0.00794654,0.07602816820144653,-0.037921614944934845,1.0031005144119263,0.0001,0.2,150,-0.00991235880064778
29,294,8704,17,0.1162109375,-8.534203362464904,0.01815722605679184,0.010313352,0.08651930093765259,-0.05457988381385803,1.0038100481033325,0.0001,0.2,160,-0.013935184886213392
29,312,9216,18,0.0892578125,-8.535107564926147,0.031303642888087777,0.007730827,0.13877296447753906,-0.04343082383275032,1.0032004117965698,0.0001,0.2,170,-0.011184162355493753
29,330,9728,19,0.0548828125,-8.534043037891388,0.04277723765117116,0.00805774,0.018675148487091064,-0.057761095464229584,1.003774881362915,0.0001,0.2,180,-0.008102399396011605
29,349,10240,20,0.0765625,-8.534355866909028,0.025545370846521108,0.011715695,0.009136617183685303,-0.05264094099402428,1.0031393766403198,0.0001,0.2,190,-0.01314898026175797
29,368,10752,21,0.0888671875,-8.527462983131409,0.028459806158207358,0.010384962,0.09935271739959717,-0.03326083719730377,1.0015631914138794,0.0001,0.2,200,-0.016084120614686982
29,386,11264,22,0.0458984375,-8.51995896100998,0.017705724647385068,0.006449518,0.16228830814361572,-0.059088993817567825,1.0007410049438477,0.0001,0.2,210,-0.008669834048487247
29,404,11776,23,0.1435546875,-8.517915976047515,0.026059621211607008,0.014025615,0.0975446105003357,-0.03834285959601402,1.0008878707885742,0.0001,0.2,220,-0.017371741868555547
28,423,12288,24,0.08515625,-8.519186282157898,0.02929241145029664,0.009309167,0.1944277286529541,-0.03436635062098503,1.0010367631912231,0.0001,0.2,230,-0.012487366126151755
28,442,12800,25,0.0912109375,-8.521712267398835,0.018342919182032347,0.007175359,-0.07406055927276611,-0.04265659675002098,1.001632809638977,0.0001,0.2,240,-0.012166461249580606
28,460,13312,26,0.1341796875,-8.523443126678467,0.0163766409852542,0.012140127,0.12887132167816162,-0.05855721980333328,1.0018726587295532,0.0001,0.2,250,-0.016216157039161773
28,478,13824,27,0.0916015625,-8.522719943523407,0.016768253972986712,0.010284306,0.16682004928588867,-0.036373041570186615,1.001158595085144,0.0001,0.2,260,-0.013177253981120884
28,497,14336,28,0.096484375,-8.521398222446441,0.023066133557586,0.008293504,0.1776440143585205,-0.038788434118032455,1.0017662048339844,0.0001,0.2,270,-0.011864798696478829
28,515,14848,29,0.1072265625,-8.522870087623597,0.025189175060950218,0.010648102,0.2963404655456543,-0.044693998992443085,1.0011684894561768,0.0001,0.2,280,-0.014758867491036654
28,534,15360,30,0.0623046875,-8.520951175689698,0.023107859154697506,0.009161381,0.3329925537109375,-0.05847889557480812,1.001559853553772,0.0001,0.2,290,-0.009034113341476769
28,551,15872,31,0.0892578125,-8.519609320163728,0.012452397934976035,0.010313261,0.5122162699699402,-0.060644686222076416,1.0003910064697266,0.0001,0.2,300,-0.012064047585590742
28,570,16384,32,0.113671875,-8.515262806415558,0.04579601674340665,0.01036825,-0.14045774936676025,-0.06720514595508575,1.0002964735031128,0.0001,0.2,310,-0.019403397978749126
28,590,16896,33,0.0970703125,-8.512058091163635,0.03045263469684869,0.010658941,0.032610177993774414,-0.06718523800373077,0.9991941452026367,0.0001,0.2,320,-0.016140495298895986
28,610,17408,34,0.112890625,-8.506227219104767,0.026955230452585965,0.010337431,0.11964434385299683,-0.07387740164995193,0.998455822467804,0.0001,0.2,330,-0.013121966458857059
28,629,17920,35,0.127734375,-8.502354681491852,0.02902283240691759,0.014845703,0.27943968772888184,-0.06915262341499329,0.9978877902030945,0.0001,0.2,340,-0.017098726908443496
28,648,18432,36,0.12421875,-8.498205959796906,0.023002964968327433,0.01594907,0.388150155544281,-0.05020224303007126,0.997168242931366,0.0001,0.2,350,-0.01592070353217423
28,665,18944,37,0.1501953125,-8.494919621944428,0.037539258709875865,0.015324454,0.056171298027038574,-0.03291406109929085,0.9967096447944641,0.0001,0.2,360,-0.021601906255818905
28,683,19456,38,0.10390625,-8.487725591659546,0.03415502496209229,0.009760728,0.03718256950378418,-0.06157010793685913,0.9948404431343079,0.0001,0.2,370,-0.012045417545596137
28,701,19968,39,0.120703125,-8.479533684253692,0.02486840469937306,0.01096644,0.17103099822998047,-0.05734342336654663,0.9940416216850281,0.0001,0.2,380,-0.013460837228922173
28,719,20480,40,0.10625,-8.473751902580261,0.017719838354969396,0.012206063,0.4454324245452881,-0.04113972187042236,0.9928572177886963,0.0001,0.2,390,-0.01431011080276221
28,738,20992,41,0.1125,-8.464690387248993,0.03188531570485793,0.010411315,0.34491968154907227,-0.05724093317985535,0.9910710453987122,0.0001,0.2,400,-0.013776840956415981
28,756,21504,42,0.1375,-8.45735431909561,0.025651567085878922,0.012036925,0.19654709100723267,-0.045879065990448,0.9906249046325684,0.0001,0.2,410,-0.015713754546595737
28,777,22016,43,0.0849609375,-8.45607031583786,0.022226735763251782,0.01321275,0.2825567126274109,-0.05322323366999626,0.9905791282653809,0.0001,0.2,420,-0.012991033922298811
28,795,22528,44,0.1025390625,-8.45835725069046,0.023967687590629793,0.011226637,0.44600117206573486,-0.05121190473437309,0.9916025996208191,0.0001,0.2,430,-0.012104427412850782
28,813,23040,45,0.1578125,-8.467801654338837,0.0380203795270063,0.015089113,0.38742780685424805,-0.05741676315665245,0.9936378002166748,0.0001,0.2,440,-0.014815467654261737
28,832,23552,46,0.119921875,-8.474725770950318,0.034877820766996595,0.011868356,0.47989147901535034,-0.04320404306054115,0.9934929013252258,0.0001,0.2,450,-0.013238410255871714
28,851,24064,47,0.094921875,-8.473413920402527,0.0236656533787027,0.011371473,0.5638933777809143,-0.048277322202920914,0.9935190081596375,0.0001,0.2,460,-0.01434967007371597
28,870,24576,48,0.0904296875,-8.473280584812164,0.018786339578218757,0.010426407,-0.058875322341918945,-0.0668761357665062,0.9932946562767029,0.0001,0.2,470,-0.012631359550869092
28,887,25088,49,0.1359375,-8.467695808410644,0.0292167566542048,0.012474487,0.33767110109329224,-0.04938077926635742,0.9917151927947998,0.0001,0.2,480,-0.01881108955712989
28,905,25600,50,0.1296875,-8.461147010326385,0.025321635900763795,0.012317251,0.5180217623710632,-0.06365732103586197,0.9913567900657654,0.0001,0.2,490,-0.01496951529989019
28,923,26112,51,0.1517578125,-8.459794533252715,0.03163594735087827,0.018737543,0.32715582847595215,-0.07877296954393387,0.9911201596260071,0.0001,0.2,500,-0.018326019786763938
28,941,26624,52,0.1447265625,-8.458252847194672,0.024419403338106348,0.0117275575,0.4729049801826477,-0.06432633846998215,0.9910821318626404,0.0001,0.2,510,-0.020163515105377883
28,960,27136,53,0.1361328125,-8.456721198558807,0.02314184218412265,0.013992157,0.5369040966033936,-0.055536914616823196,0.9905163645744324,0.0001,0.2,520,-0.009742101887241006
28,978,27648,54,0.165234375,-8.453759348392486,0.0315935400663875,0.01496722,0.534781277179718,-0.019619103521108627,0.990323007106781,0.0001,0.2,530,-0.01968072762247175
28,995,28160,55,0.2111328125,-8.451483559608459,0.04174533130135387,0.027081048,0.4056805968284607,-0.04984215274453163,0.9895768165588379,0.0001,0.2,540,-0.0262592488899827
28,1013,28672,56,0.1517578125,-8.449131882190704,0.025842825486324727,0.012057705,0.5573937892913818,-0.037147749215364456,0.9896590113639832,0.0001,0.2,550,-0.012439620681107044
28,1031,29184,57,0.08125,-8.448950564861297,0.025342811550945043,0.009522973,0.6593251824378967,-0.07934432476758957,0.9893901944160461,0.0001,0.2,560,-0.01210187769611366
28,1050,29696,58,0.18046875,-8.447670757770538,0.023014842916745694,0.023633799,0.7156032919883728,-0.051904886960983276,0.9893869757652283,0.0001,0.2,570,-0.022146542835980654
28,1068,30208,59,0.15078125,-8.446485888957977,0.03342593958368525,0.014799256,0.6104364395141602,-0.03846217691898346,0.9895127415657043,0.0001,0.2,580,-0.02006776857888326
28,1089,30720,60,0.173828125,-8.442375981807709,0.023042641894426195,0.01646191,0.730315089225769,-0.0732460767030716,0.9874168038368225,0.0001,0.2,590,-0.017895550664979963
27,1117,31232,61,0.112109375,-8.432949495315551,0.029855610220693052,0.011912055,0.6236329078674316,-0.04712415486574173,0.9868118166923523,0.0001,0.2,600,-0.017919896548846737
27,1135,31744,62,0.1591796875,-8.429826247692109,0.03644094304181635,0.020589009,0.6231747269630432,-0.03737964481115341,0.9862030148506165,0.0001,0.2,610,-0.0218715391587466
27,1153,32256,63,0.12890625,-8.429633486270905,0.026860323909204453,0.0149417315,0.6632288694381714,-0.0841469019651413,0.9871008992195129,0.0001,0.2,620,-0.014590795303229242
27,1170,32768,64,0.1568359375,-8.437965178489685,0.027642551297321915,0.019190898,0.7108802199363708,-0.041549451649188995,0.9887074828147888,0.0001,0.2,630,-0.018854956011637114
27,1189,33280,65,0.117578125,-8.44026471376419,0.032727391179651025,0.011553314,0.6813662052154541,-0.057038869708776474,0.9875903129577637,0.0001,0.2,640,-0.012462083279388025
27,1207,33792,66,0.146875,-8.433316016197205,0.020956896140705793,0.021854745,0.8030620217323303,-0.08560752868652344,0.9866611957550049,0.0001,0.2,650,-0.01656461749225855
27,1226,34304,67,0.1396484375,-8.426558947563171,0.04659902398125269,0.012086863,0.6943216323852539,-0.0030533522367477417,0.9855561852455139,0.0001,0.2,660,-0.015822316939011215
27,1244,34816,68,0.145703125,-8.421895360946655,0.04275607127929106,0.015123291,0.7092452049255371,-0.016922151669859886,0.9850422739982605,0.0001,0.2,670,-0.019991404347820207
28,1261,35328,69,0.1873046875,-8.420147228240968,0.04263907120330259,0.017092004,0.7047271132469177,-0.026251859962940216,0.9849112033843994,0.0001,0.2,680,-0.020923677471000702
28,1278,35840,70,0.191015625,-8.415555357933044,0.027976640732958913,0.01867655,0.7476142644882202,-0.07378992438316345,0.9835889935493469,0.0001,0.2,690,-0.022203274711500853
27,1298,36352,71,0.1591796875,-8.411560213565826,0.030092966777738185,0.015951231,0.7751162648200989,-0.06129814684391022,0.9836987853050232,0.0001,0.2,700,-0.019789608055725695
28,1316,36864,72,0.1791015625,-8.409794223308563,0.019980253069661558,0.015371103,0.8515775799751282,-0.0736948549747467,0.9829840660095215,0.0001,0.2,710,-0.013644288392970338
27,1335,37376,73,0.158984375,-8.40617070198059,0.026182510616490618,0.01558836,0.8225548267364502,-0.011092163622379303,0.9822795391082764,0.0001,0.2,720,-0.018345786462305114
27,1353,37888,74,0.1759765625,-8.40509365797043,0.024625150492647664,0.015643543,0.8351030349731445,-0.07753005623817444,0.9827829003334045,0.0001,0.2,730,-0.013422106133657508
27,1372,38400,75,0.171484375,-8.403764247894287,0.03430905280984007,0.01631594,0.7937933206558228,-0.02230631560087204,0.9817139506340027,0.0001,0.2,740,-0.01870279446593486
27,1390,38912,76,0.165234375,-8.398580682277679,0.0326117305085063,0.015077645,0.7904475331306458,-0.03922063857316971,0.9813712239265442,0.0001,0.2,750,-0.015610153065063059
27,1409,39424,77,0.1521484375,-8.394201982021332,0.014408969169016928,0.016368292,0.9034613370895386,-0.05891403555870056,0.9800850749015808,0.0001,0.2,760,-0.01380479258368723
27,1428,39936,78,0.15703125,-8.38641573190689,0.015229435684159399,0.015177881,0.8968603014945984,-0.02634572423994541,0.9790622591972351,0.0001,0.2,770,-0.013491839211201295
27,1445,40448,79,0.16796875,-8.381122982501983,0.014612912497250363,0.02245548,0.915587306022644,-0.07307710498571396,0.9783158898353577,0.0001,0.2,780,-0.025486333295702934
28,1462,40960,80,0.1341796875,-8.374110066890717,0.011716679274104535,0.012625844,0.92144775390625,-0.062387388199567795,0.9768031239509583,0.0001,0.2,790,-0.013959313061786816
27,1481,41472,81,0.1501953125,-8.365034568309785,0.018915068806381895,0.02970094,0.913878321647644,-0.0574687160551548,0.9753227829933167,0.0001,0.2,800,-0.013650299794971944
27,1500,41984,82,0.1900390625,-8.36313169002533,0.01581804404268041,0.02087299,0.9195110201835632,-0.022770103067159653,0.97660231590271,0.0001,0.2,810,-0.020139901898801327
27,1519,42496,83,0.151953125,-8.367966222763062,0.012669977577752433,0.01878009,0.9435855746269226,-0.03862962871789932,0.9764628410339355,0.0001,0.2,820,-0.01223820200539194
27,1538,43008,84,0.172265625,-8.364892685413361,0.029535841330653057,0.01837483,0.8643436431884766,-0.011882219463586807,0.9754724502563477,0.0001,0.2,830,-0.017934966809116305
27,1557,43520,85,0.14296875,-8.358530640602112,0.014043719012988731,0.016258527,0.927037239074707,-0.03635263442993164,0.974701464176178,0.0001,0.2,840,-0.017353403219021856
27,1576,44032,86,0.142578125,-8.356891238689423,0.02371314342599362,0.013795983,0.8907133936882019,-0.056404829025268555,0.9748509526252747,0.0001,0.2,850,-0.016508548351703213
27,1594,44544,87,0.134765625,-8.35870145559311,0.01120231584063731,0.015429771,0.9438983201980591,-0.034521229565143585,0.9753311276435852,0.0001,0.2,860,-0.015540211886400358
27,1612,45056,88,0.1716796875,-8.358559465408325,0.013917636519181542,0.013996443,0.9456512928009033,-0.0665004700422287,0.9748826026916504,0.0001,0.2,870,-0.02381181124364957
27,1631,45568,89,0.1685546875,-8.361020529270172,0.03891866134363227,0.016756587,0.8740794062614441,-0.08178886026144028,0.9761590361595154,0.0001,0.2,880,-0.018596646585501732
27,1650,46080,90,0.130859375,-8.363342308998108,0.016512828521081248,0.013923935,0.9362822771072388,-0.0496734157204628,0.9753255248069763,0.0001,0.2,890,-0.015003297216026112
27,1667,46592,91,0.1265625,-8.358867883682251,0.019902442797319963,0.015303839,0.9269701242446899,-0.06771183013916016,0.9751817584037781,0.0001,0.2,900,-0.01975300352787599
27,1687,47104,92,0.1310546875,-8.361367213726044,0.011409102735342458,0.015791077,0.956214427947998,-0.06898081302642822,0.9758520126342773,0.0001,0.2,910,-0.011481750127859413
27,1704,47616,93,0.19921875,-8.365843510627746,0.017606092215282844,0.020112533,0.9402952790260315,-0.06238946318626404,0.9768705368041992,0.0001,0.2,920,-0.022904673143057153
27,1723,48128,94,0.1654296875,-8.36717984676361,0.015622565234662034,0.021019446,0.9443429112434387,-0.05422953516244888,0.9760296940803528,0.0001,0.2,930,-0.01775145305437036
27,1741,48640,95,0.1486328125,-8.363627207279205,0.015098222362576052,0.014197173,0.9550869464874268,-0.06480665504932404,0.976153552532196,0.0001,0.2,940,-0.016975451866164802
27,1760,49152,96,0.137109375,-8.363857650756836,0.01811717274831608,0.016915943,0.9252399206161499,-0.06218763068318367,0.9760447144508362,0.0001,0.2,950,-0.014594080089591444
27,1778,49664,97,0.13984375,-8.359460604190826,0.016832449549110607,0.011022444,0.9417523741722107,-0.07307209074497223,0.974469006061554,0.0001,0.2,960,-0.014325465791625903
27,1796,50176,98,0.141796875,-8.35383608341217,0.016862246044911443,0.013822506,0.9357130527496338,-0.06926759332418442,0.9746336340904236,0.0001,0.2,970,-0.014684618153842166
27,1816,50688,99,0.213671875,-8.354952013492584,0.008380782956373877,0.0240576,0.9697843194007874,-0.06124228611588478,0.9744738936424255,0.0001,0.2,980,-0.025775850831996648
27,1834,51200,100,0.1642578125,-8.350098669528961,0.008414148705196568,0.015271602,0.9652586579322815,-0.06233334168791771,0.9730767607688904,0.0001,0.2,990,-0.019176256645005198
27,1854,51712,101,0.201171875,-8.340822398662567,0.018286186311161145,0.021591112,0.9384640455245972,-0.004292819648981094,0.9716636538505554,0.0001,0.2,1000,-0.023161007231101392
27,1872,52224,102,0.1736328125,-8.335801446437836,0.012888127658516168,0.016420724,0.9565775990486145,-0.06125890836119652,0.9713680744171143,0.0001,0.2,1010,-0.02168635487323627
27,1890,52736,103,0.1935546875,-8.336830997467041,0.010518268242594785,0.017792398,0.962504506111145,-0.07219567894935608,0.9719991087913513,0.0001,0.2,1020,-0.01344715488376096
27,1908,53248,104,0.1642578125,-8.337641215324402,0.01082535801397171,0.01730647,0.9645137786865234,-0.04014777019619942,0.9715852737426758,0.0001,0.2,1030,-0.020222893182653932
27,1925,53760,105,0.1490234375,-8.334586942195893,0.009875251582707278,0.015386558,0.9699822068214417,-0.03658968582749367,0.9709336757659912,0.0001,0.2,1040,-0.012916215299628674
27,1944,54272,106,0.1455078125,-8.328625798225403,0.01388961892516818,0.015683841,0.9454600811004639,-0.06341276317834854,0.9695550799369812,0.0001,0.2,1050,-0.020119427406461908
27,1962,54784,107,0.170703125,-8.326114296913147,0.00940857757232152,0.020784978,0.9620702266693115,-0.07673688232898712,0.9704847931861877,0.0001,0.2,1060,-0.024250782502349466
27,1982,55296,108,0.1947265625,-8.32731716632843,0.013290023518493399,0.02055285,0.9536722898483276,-0.08422206342220306,0.969647228717804,0.0001,0.2,1070,-0.021419471083208918
27,1999,55808,109,0.223828125,-8.323222756385803,0.010065903337090277,0.022852274,0.9589591026306152,-0.07196852564811707,0.9695262908935547,0.0001,0.2,1080,-0.02455478155752644
27,2017,56320,110,0.1380859375,-8.323206722736359,0.006454136350657791,0.023232616,0.9685034155845642,-0.07005136460065842,0.9695158004760742,0.0001,0.2,1090,-0.014411178219597786
27,2035,56832,111,0.201953125,-8.32264256477356,0.029896453832043333,0.012971754,0.9009374976158142,-0.05175819620490074,0.9694654941558838,0.0001,0.2,1100,-0.015080591000150889
27,2053,57344,112,0.137109375,-8.32181932926178,0.014898138860007747,0.011772392,0.9522551894187927,-0.08083951473236084,0.9691186547279358,0.0001,0.2,1110,-0.013377675716765226
27,2071,57856,113,0.171484375,-8.315029346942902,0.023765151810948737,0.016804328,0.9272956252098083,-0.04725603014230728,0.9673984050750732,0.0001,0.2,1120,-0.019626172148855404
27,2088,58368,114,0.170703125,-8.305444777011871,0.009929772291798145,0.023628626,0.9710693359375,-0.07417271286249161,0.965723991394043,0.0001,0.2,1130,-0.017902194010093807
27,2105,58880,115,0.159765625,-8.29537216424942,0.012984210415743292,0.019375328,0.9584723114967346,-0.08879207819700241,0.9645649790763855,0.0001,0.2,1140,-0.020614785072393716
27,2124,59392,116,0.173046875,-8.290539622306824,0.012956404429860412,0.017947095,0.9596021771430969,-0.08025767654180527,0.9642176628112793,0.0001,0.2,1150,-0.022754036349942906
27,2142,59904,117,0.182421875,-8.28588845729828,0.011617976526031271,0.02314357,0.9609121084213257,-0.05004715546965599,0.963001012802124,0.0001,0.2,1160,-0.01613366852980107
27,2161,60416,118,0.1890625,-8.280440366268158,0.012257572004455142,0.027874507,0.9665980935096741,-0.09285741299390793,0.9625361561775208,0.0001,0.2,1170,-0.013859298708848656
27,2180,60928,119,0.19375,-8.280624866485596,0.012862463295459748,0.022120511,0.9614148736000061,-0.0553211085498333,0.963197648525238,0.0001,0.2,1180,-0.01839801315800287
27,2198,61440,120,0.21015625,-8.281027519702912,0.014025845428113826,0.018897602,0.9652361869812012,-0.0697869136929512,0.9625937342643738,0.0001,0.2,1190,-0.02385376290185377
27,2217,61952,121,0.1671875,-8.277346575260163,0.012047783508023713,0.018820936,0.967016339302063,-0.058647509664297104,0.9622195363044739,0.0001,0.2,1200,-0.02173156039789319
27,2236,62464,122,0.2203125,-8.273698246479034,0.014603564783465117,0.029135877,0.9545744061470032,-0.02467041090130806,0.9613437652587891,0.0001,0.2,1210,-0.02399922290351242
27,2255,62976,123,0.2388671875,-8.270093417167663,0.014553701909608207,0.028162494,0.9557414650917053,-0.07559645175933838,0.9608718752861023,0.0001,0.2,1220,-0.029611338686663657
27,2272,63488,124,0.192578125,-8.264835953712463,0.012117098610906396,0.025963478,0.9562249183654785,-0.0517527312040329,0.9600324630737305,0.0001,0.2,1230,-0.022021476167719812
27,2290,64000,125,0.2154296875,-8.260546481609344,0.009398303940542974,0.02448132,0.9676123857498169,-0.04937780275940895,0.9593655467033386,0.0001,0.2,1240,-0.02584730563685298
27,2308,64512,126,0.16171875,-8.25392543077469,0.004496499166998546,0.013515621,0.9799752235412598,-0.09650398045778275,0.9579704403877258,0.0001,0.2,1250,-0.010830154950963334
27,2327,65024,127,0.193359375,-8.247388863563538,0.012687412215746008,0.025042087,0.9667393565177917,-0.027241401374340057,0.9574428200721741,0.0001,0.2,1260,-0.021617213601712138
27,2345,65536,128,0.1658203125,-8.24436513185501,0.015647066773090045,0.016629297,0.9546252489089966,-0.05376413092017174,0.9568328857421875,0.0001,0.2,1270,-0.019642633164767175
27,2363,66048,129,0.1646484375,-8.239796328544617,0.010445808441727423,0.02227993,0.9718319177627563,-0.04030812531709671,0.9559209942817688,0.0001,0.2,1280,-0.015384301613084971
27,2381,66560,130,0.216796875,-8.236833572387695,0.009891020573559218,0.026465964,0.9511151909828186,-0.05442957580089569,0.9561863541603088,0.0001,0.2,1290,-0.01417989779729396
27,2400,67072,131,0.1775390625,-8.238368141651154,0.012868985719978809,0.018566677,0.9590011835098267,-0.06118408590555191,0.9563562870025635,0.0001,0.2,1300,-0.016968254192033783
27,2417,67584,132,0.1736328125,-8.238241624832153,0.006361451247357763,0.027342755,0.9740261435508728,-0.06169399991631508,0.9560379981994629,0.0001,0.2,1310,-0.02104952941299416
27,2433,68096,133,0.192578125,-8.235505259037017,0.014376471709692851,0.022672815,0.9672616720199585,-0.08074523508548737,0.9557507634162903,0.0001,0.2,1320,-0.01821030642022379
27,2451,68608,134,0.2375,-8.236365473270416,0.013387961601256392,0.033206735,0.9623092412948608,-0.06336891651153564,0.9561893343925476,0.0001,0.2,1330,-0.02329800504958257
27,2469,69120,135,0.1669921875,-8.239319336414336,0.016277574468404055,0.022433639,0.9533878564834595,-0.055882979184389114,0.9566113352775574,0.0001,0.2,1340,-0.008305057836696505
27,2488,69632,136,0.2125,-8.244914865493774,0.008278309146407991,0.023017643,0.9754974246025085,-0.06661345064640045,0.9583172798156738,0.0001,0.2,1350,-0.020595864730421454
27,2507,70144,137,0.1890625,-8.246896648406983,0.007363295435789041,0.021704553,0.9733812212944031,-0.055550672113895416,0.9568360447883606,0.0001,0.2,1360,-0.016083671746309848
27,2526,70656,138,0.1783203125,-8.238602423667908,0.007487680824124254,0.019435076,0.9806012511253357,-0.06665287911891937,0.9560022354125977,0.0001,0.2,1370,-0.011944407311966642
27,2543,71168,139,0.189453125,-8.23737392425537,0.02062555200391216,0.020604694,0.9489398002624512,-0.07324671000242233,0.9565683007240295,0.0001,0.2,1380,-0.01675608874647878
28,2559,71680,140,0.1921875,-8.242739474773407,0.0119409892387921,0.018702045,0.9696090221405029,-0.0385526567697525,0.9575777053833008,0.0001,0.2,1390,-0.02112874126760289
28,2577,72192,141,0.1578125,-8.244620990753173,0.011650493420893327,0.01704763,0.9622840285301208,-0.06599149852991104,0.9571550488471985,0.0001,0.2,1400,-0.011660205968655645
28,2595,72704,142,0.1666015625,-8.243903720378876,0.01956452889717184,0.025678623,0.9525294899940491,-0.057514164596796036,0.9574058055877686,0.0001,0.2,1410,-0.011259805085137487
28,2613,73216,143,0.1880859375,-8.250265765190125,0.013140100799500943,0.027936084,0.9637675881385803,-0.051162101328372955,0.9591934084892273,0.0001,0.2,1420,-0.0118446787702851
28,2632,73728,144,0.2052734375,-8.254093241691589,0.011001052823849023,0.025916632,0.9694551825523376,-0.05844712629914284,0.9583942294120789,0.0001,0.2,1430,-0.02441485944436863
28,2651,74240,145,0.216015625,-8.250950467586517,0.02340870911430102,0.024605418,0.9317355155944824,-0.08416419476270676,0.9585805535316467,0.0001,0.2,1440,-0.01727157033747062
28,2669,74752,146,0.217578125,-8.25398952960968,0.012610090529778972,0.03580664,0.966445803642273,-0.07956138253211975,0.9593203067779541,0.0001,0.2,1450,-0.016114871157333253
28,2686,75264,147,0.223046875,-8.255554711818695,0.02473790384538006,0.02174921,0.9429473876953125,-0.081393301486969,0.9586032032966614,0.0001,0.2,1460,-0.02258621689397842
27,2706,75776,148,0.226953125,-8.252339124679565,0.005971366707672132,0.031024821,0.9840542078018188,-0.08105792105197906,0.9585755467414856,0.0001,0.2,1470,-0.014166643703356385
27,2725,76288,149,0.1783203125,-8.249226987361908,0.012547493651800324,0.017811295,0.9594188928604126,-0.06129404157400131,0.957474410533905,0.0001,0.2,1480,-0.018152507141348907
27,2743,76800,150,0.1673828125,-8.245167744159698,0.005072610362549313,0.017496787,0.9831752777099609,-0.022984474897384644,0.957329273223877,0.0001,0.2,1490,-0.010399884509388358
28,2760,77312,151,0.2279296875,-8.242112815380096,0.009332845255266875,0.021232195,0.9745673537254333,-0.04218209162354469,0.9565222263336182,0.0001,0.2,1500,-0.018946555780712516
28,2777,77824,152,0.1546875,-8.236721432209015,0.009346078829548788,0.0171755,0.9778332710266113,-0.09720204770565033,0.9557621479034424,0.0001,0.2,1510,-0.01956159753026441
28,2795,78336,153,0.1615234375,-8.233185482025146,0.011162579056690446,0.014968041,0.9720272421836853,-0.07769785821437836,0.9554985165596008,0.0001,0.2,1520,-0.00540125637780875
28,2812,78848,154,0.2158203125,-8.234438765048981,0.012717947771307081,0.015307241,0.9673207402229309,-0.02906223013997078,0.9560692310333252,0.0001,0.2,1530,-0.01700287649873644
28,2830,79360,155,0.22578125,-8.236180651187897,0.013478387123905122,0.022445153,0.9731081128120422,-0.05535612627863884,0.9558631777763367,0.0001,0.2,1540,-0.024552526010666043
28,2848,79872,156,0.184765625,-8.234645104408264,0.01682076460274402,0.02602604,0.9603213667869568,-0.021821610629558563,0.955651581287384,0.0001,0.2,1550,-0.01638509405311197
28,2866,80384,157,0.1794921875,-8.230676901340484,0.022451796813402324,0.030914448,0.9428337216377258,-0.03743971511721611,0.9543638825416565,0.0001,0.2,1560,-0.015770151914330198
28,2883,80896,158,0.176171875,-8.225362992286682,0.009683498815866188,0.025271552,0.9726446866989136,-0.06167596951127052,0.954470157623291,0.0001,0.2,1570,-0.016230410378193484
28,2899,81408,159,0.2408203125,-8.227103233337402,0.007379880493681412,0.034780327,0.9818856716156006,-0.055453311651945114,0.9545009732246399,0.0001,0.2,1580,-0.02656191778369248
28,2916,81920,160,0.1744140625,-8.2278346657753,0.006983187649166211,0.018861104,0.9816550016403198,-0.07645939290523529,0.954889714717865,0.0001,0.2,1590,-0.02022030472289771
28,2934,82432,161,0.1771484375,-8.229272699356079,0.0079755853235838,0.01871245,0.9785932302474976,-0.09934982657432556,0.9547159671783447,0.0001,0.2,1600,-0.022827715624589472
28,2951,82944,162,0.1884765625,-8.226257240772247,0.01721324643440312,0.02629018,0.9580901861190796,-0.052401699125766754,0.9541234970092773,0.0001,0.2,1610,-0.01859014414367266
28,2970,83456,163,0.2037109375,-8.226895570755005,0.007328051884542219,0.026152575,0.9828211665153503,-0.09318938851356506,0.954911470413208,0.0001,0.2,1620,-0.021837133215740323
28,2988,83968,164,0.194921875,-8.223098289966583,0.0074810009522479955,0.018209934,0.9782218933105469,-0.08579090982675552,0.9527249336242676,0.0001,0.2,1630,-0.02346513228258118
28,3006,84480,165,0.1861328125,-8.210975229740143,0.012894514841900673,0.022439783,0.9704301953315735,-0.06985025107860565,0.9515688419342041,0.0001,0.2,1640,-0.02487646818626672
28,3023,84992,166,0.1279296875,-8.206874990463257,0.00839917676130426,0.01784856,0.9719528555870056,-0.04891471192240715,0.9514063000679016,0.0001,0.2,1650,-0.012354536517523228
28,3041,85504,167,0.2146484375,-8.202948439121247,0.010599490485037676,0.019714896,0.9707847833633423,-0.08901515603065491,0.9502699971199036,0.0001,0.2,1660,-0.01800749923568219
28,3059,86016,168,0.2095703125,-8.19907991886139,0.012716900157101918,0.0342364,0.9675606489181519,-0.08236001431941986,0.9503830075263977,0.0001,0.2,1670,-0.020365043182391674
28,3076,86528,169,0.16875,-8.199674761295318,0.012741761640063487,0.016106749,0.9661469459533691,-0.014059958979487419,0.9501165747642517,0.0001,0.2,1680,-0.01402232765685767
28,3094,87040,170,0.2177734375,-8.200667893886566,0.006618174997856841,0.019290857,0.9832000732421875,-0.06861383467912674,0.9509122371673584,0.0001,0.2,1690,-0.024958033789880575
28,3112,87552,171,0.2046875,-8.200325262546539,0.010708268573216629,0.022394057,0.9743212461471558,-0.07539255917072296,0.9495484828948975,0.0001,0.2,1700,-0.023963477538200096
28,3130,88064,172,0.1466796875,-8.193015897274018,0.01644674270937685,0.013828674,0.9353727698326111,-0.020322388038039207,0.9489993453025818,0.0001,0.2,1710,-0.01519622938358225
28,3149,88576,173,0.185546875,-8.18517575263977,0.01403001731232507,0.026866265,0.9527630805969238,-0.08096805959939957,0.946756899356842,0.0001,0.2,1720,-0.024009722704067826
28,3168,89088,174,0.175390625,-8.176676428318023,0.03175516126502771,0.022303827,0.9162302017211914,-0.08448284864425659,0.9468245506286621,0.0001,0.2,1730,-0.019571767782326787
28,3186,89600,175,0.22265625,-8.17896989583969,0.010342354634485674,0.032112386,0.9681289792060852,-0.05520665645599365,0.9471189975738525,0.0001,0.2,1740,-0.018711791781242937
28,3204,90112,176,0.1177734375,-8.174636793136596,0.012144678820914124,0.012475571,0.9692801237106323,-0.03891738876700401,0.9454202651977539,0.0001,0.2,1750,-0.008144029136747121
28,3220,90624,177,0.162109375,-8.165666580200195,0.006757080268289428,0.015658014,0.9803972840309143,-0.08482124656438828,0.9442901611328125,0.0001,0.2,1760,-0.016301614581607282
28,3240,91136,178,0.20703125,-8.158629953861237,0.007222470513079315,0.028601462,0.9827368855476379,-0.07282344251871109,0.9430561661720276,0.0001,0.2,1770,-0.017702610156266018
28,3259,91648,179,0.16484375,-8.154266738891602,0.006508636145736091,0.02068803,0.9844878911972046,-0.0464729443192482,0.9433390498161316,0.0001,0.2,1780,-0.01690177673008293
28,3282,92160,180,0.2228515625,-8.160247850418092,0.0067834515182767065,0.025644798,0.9839266538619995,-0.043294358998537064,0.9447798728942871,0.0001,0.2,1790,-0.025783467059955
28,3302,92672,181,0.1943359375,-8.165878105163575,0.008749770364374854,0.02210504,0.9760216474533081,-0.06426545977592468,0.9452245235443115,0.0001,0.2,1800,-0.026207615580642597
28,3324,93184,182,0.2287109375,-8.170392096042633,0.005698176746227546,0.041270174,0.9831945300102234,-0.09102191776037216,0.9464897513389587,0.0001,0.2,1810,-0.02802966788876802
28,3345,93696,183,0.237109375,-8.17698529958725,0.011277144413907082,0.028279487,0.9715453386306763,-0.041179344058036804,0.9469413757324219,0.0001,0.2,1820,-0.027642778027802704
28,3363,94208,184,0.1763671875,-8.178647172451019,0.011091414545080624,0.016951999,0.973250150680542,-0.051046222448349,0.947029173374176,0.0001,0.2,1830,-0.019768364814808592
27,3384,94720,185,0.1669921875,-8.173661601543426,0.007728020372451283,0.02081782,0.981024444103241,-0.02281048521399498,0.9453824162483215,0.0001,0.2,1840,-0.019795731746125967
27,3401,95232,186,0.1640625,-8.169338703155518,0.0059943812419078315,0.019159343,0.9825620651245117,-0.06345456838607788,0.9459434151649475,0.0001,0.2,1850,-0.013830126309767366
27,3421,95744,187,0.15625,-8.167120969295501,0.0072541303663456345,0.017430302,0.9793298840522766,-0.05542391538619995,0.9442406296730042,0.0001,0.2,1860,-0.008624215371673927
27,3439,96256,188,0.240234375,-8.15965050458908,0.006043452804442495,0.02198147,0.97441166639328,-0.07780060917139053,0.9438206553459167,0.0001,0.2,1870,-0.029749936517328025
27,3459,96768,189,0.192578125,-8.159512567520142,0.006355856337177101,0.022628251,0.9827190637588501,-0.08075211942195892,0.9443109631538391,0.0001,0.2,1880,-0.027746106340782718
27,3478,97280,190,0.212890625,-8.161768615245819,0.007923338397813496,0.033761494,0.9788622260093689,-0.0634005218744278,0.9445838332176208,0.0001,0.2,1890,-0.024765605793800206
27,3498,97792,191,0.1783203125,-8.16607973575592,0.00882903944439022,0.027024329,0.9792972803115845,-0.035945747047662735,0.9455830454826355,0.0001,0.2,1900,-0.020874044869560748
27,3517,98304,192,0.2064453125,-8.166494917869567,0.00812861675512977,0.017415982,0.9798704981803894,-0.09813991189002991,0.9442589282989502,0.0001,0.2,1910,-0.022162304585799576
27,3538,98816,193,0.205078125,-8.15996036529541,0.004572572885081172,0.024704268,0.9884217381477356,-0.05730384588241577,0.943993330001831,0.0001,0.2,1920,-0.024984796019271015
27,3557,99328,194,0.1681640625,-8.163661921024323,0.014574885868933051,0.021898782,0.963671863079071,-0.0574207566678524,0.9453262686729431,0.0001,0.2,1930,-0.020551957376301288
27,3577,99840,195,0.1970703125,-8.172389495372773,0.00426426215635729,0.022828924,0.9887428879737854,-0.08186370134353638,0.9465813040733337,0.0001,0.2,1940,-0.021690049715107306
27,3594,100352,196,0.155078125,-8.178152215480804,0.007839283953944686,0.025741499,0.9819072484970093,-0.06030304729938507,0.9471613764762878,0.0001,0.2,1950,-0.01820414629182778
27,3613,100864,197,0.20390625,-8.177456295490265,0.00883847752265865,0.033227853,0.9767638444900513,-0.07837840914726257,0.9463770985603333,0.0001,0.2,1960,-0.0239630454860162
27,3631,101376,198,0.2357421875,-8.17289559841156,0.006072038933052681,0.022677438,0.9841701984405518,-0.08746299892663956,0.9456479549407959,0.0001,0.2,1970,-0.026498840271960943
27,3649,101888,199,0.205078125,-8.167364990711212,0.008137073532270733,0.0354842,0.9796106815338135,-0.049594584852457047,0.9447779059410095,0.0001,0.2,1980,-0.01984441257081926
27,3669,102400,200,0.2287109375,-8.163646614551544,0.005530128302780213,0.034126952,0.9836098551750183,-0.10650727897882462,0.9444054961204529,0.0001,0.2,1990,-0.024487210623919963
27,3686,102912,201,0.21171875,-8.161029899120331,0.007386717124609277,0.021369096,0.9786797165870667,-0.07051952183246613,0.9441125392913818,0.0001,0.2,2000,-0.022724885831121356
27,3703,103424,202,0.2072265625,-8.15753984451294,0.00683001947181765,0.022190679,0.983167290687561,-0.03791525587439537,0.9431633353233337,0.0001,0.2,2010,-0.024595555674750358
27,3721,103936,203,0.2490234375,-8.152191948890685,0.007232113333884627,0.042071052,0.9773809313774109,-0.07062774151563644,0.9425920844078064,0.0001,0.2,2020,-0.02305876313475892
27,3738,104448,204,0.2310546875,-8.14467933177948,0.006893971917452291,0.028914114,0.9795145392417908,-0.0751195102930069,0.9406958222389221,0.0001,0.2,2030,-0.025245227717095985
27,3755,104960,205,0.2298828125,-8.136118686199188,0.012074803523137233,0.029917788,0.9687082767486572,-0.08150245249271393,0.94025057554245,0.0001,0.2,2040,-0.02511929179308936
27,3775,105472,206,0.2,-8.130006635189057,0.00986047334590694,0.02055123,0.9774244427680969,-0.07958150655031204,0.9385035634040833,0.0001,0.2,2050,-0.020450268918648363
27,3792,105984,207,0.2181640625,-8.11783001422882,0.012024057342205196,0.02182757,0.9681804776191711,-0.08030231297016144,0.9366933703422546,0.0001,0.2,2060,-0.018912425800226628
27,3810,106496,208,0.19296875,-8.106425547599793,0.010530396587273571,0.023042016,0.9735234975814819,-0.06329011917114258,0.9350502490997314,0.0001,0.2,2070,-0.025916498329024762
27,3828,107008,209,0.1853515625,-8.098233199119568,0.005907913435657974,0.026095632,0.9829635620117188,-0.04250219836831093,0.9340417385101318,0.0001,0.2,2080,-0.02155847359681502
27,3846,107520,210,0.221875,-8.092260074615478,0.008701278296939563,0.034645535,0.9773717522621155,-0.08239923417568207,0.932967483997345,0.0001,0.2,2090,-0.01779574390966445
27,3864,108032,211,0.21328125,-8.085155653953553,0.011033497622702271,0.018636215,0.97083979845047,-0.07096150517463684,0.9321596622467041,0.0001,0.2,2100,-0.014451227703830227
27,3882,108544,212,0.230078125,-8.084532368183137,0.006271789558377349,0.02123004,0.985368549823761,-0.085501529276371,0.9328059554100037,0.0001,0.2,2110,-0.02597242754418403
27,3902,109056,213,0.1912109375,-8.085152411460877,0.010541659515729407,0.036622692,0.9780887365341187,-0.05633312091231346,0.9320962429046631,0.0001,0.2,2120,-0.014928046485874803
27,3919,109568,214,0.22578125,-8.079590940475464,0.0063333343481644985,0.03109914,0.9851418137550354,-0.07538175582885742,0.9314199090003967,0.0001,0.2,2130,-0.020438225800171496
27,3938,110080,215,0.220703125,-8.076298439502716,0.007991839572787285,0.024071362,0.9790530800819397,-0.08772934973239899,0.9310042858123779,0.0001,0.2,2140,-0.02284346434753388
27,3957,110592,216,0.1767578125,-8.077010262012482,0.011185401710099541,0.020658638,0.9710952639579773,-0.05487309768795967,0.9315023422241211,0.0001,0.2,2150,-0.01347539285197854
27,3976,111104,217,0.1953125,-8.07948932647705,0.004905367947503692,0.031799085,0.9902362823486328,-0.05633583292365074,0.9317693114280701,0.0001,0.2,2160,-0.01662583277793601
27,3994,111616,218,0.177734375,-8.07591199874878,0.006292993626993848,0.023275442,0.9825764298439026,-0.07816910743713379,0.9303939938545227,0.0001,0.2,2170,-0.022523952909978107
27,4012,112128,219,0.2306640625,-8.067398011684418,0.009418178244959562,0.03892973,0.9806970357894897,-0.021649885922670364,0.9294353127479553,0.0001,0.2,2180,-0.017782524845097215
27,4031,112640,220,0.2259765625,-8.061427462100983,0.007227030929061584,0.019640163,0.9805671572685242,-0.04567152261734009,0.9281367659568787,0.0001,0.2,2190,-0.021189310745103284
27,4048,113152,221,0.1748046875,-8.053318428993226,0.0067853942367946726,0.031196393,0.9819562435150146,-0.03640151768922806,0.9270534515380859,0.0001,0.2,2200,-0.009192592557519674
27,4066,113664,222,0.1890625,-8.044689702987672,0.0008446897525573149,0.02555482,0.9974979758262634,-0.06060347333550453,0.9251262545585632,0.0001,0.2,2210,-0.009837342030368745
27,4084,114176,223,0.211328125,-8.038503336906434,0.0017937645268830237,0.03866911,0.9946576356887817,-0.09390033781528473,0.9254465699195862,0.0001,0.2,2220,-0.02651751727098599
27,4101,114688,224,0.254296875,-8.035128784179687,0.006028934008645593,0.026380163,0.9869647026062012,-0.013115936890244484,0.9237781167030334,0.0001,0.2,2230,-0.0276338403346017
27,4118,115200,225,0.201953125,-8.026165282726287,0.005753241023921873,0.021476513,0.9859192967414856,-0.062199197709560394,0.9227803349494934,0.0001,0.2,2240,-0.015220878703985363
27,4137,115712,226,0.1958984375,-8.0170529961586,0.0037688589312892874,0.022997867,0.9862534999847412,-0.08590316027402878,0.9211451411247253,0.0001,0.2,2250,-0.017037682310910896
27,4153,116224,227,0.1884765625,-8.008761739730835,0.0035517141623131465,0.020284206,0.9921048879623413,-0.08404435962438583,0.9204235076904297,0.0001,0.2,2260,-0.025226637499872594
27,4172,116736,228,0.20390625,-8.008277869224548,0.005187242162355688,0.02629349,0.9883837103843689,-0.05946676805615425,0.9209781289100647,0.0001,0.2,2270,-0.02383236485766247
27,4190,117248,229,0.1904296875,-8.009666860103607,0.004324391798581928,0.022147287,0.9900462627410889,-0.012585773132741451,0.9208658337593079,0.0001,0.2,2280,-0.01660399019019678
27,4206,117760,230,0.17265625,-8.010945236682891,0.008951902136323043,0.01753857,0.9799079895019531,-0.022010687738656998,0.9213383197784424,0.0001,0.2,2290,-0.010750647878739982
27,4224,118272,231,0.2005859375,-8.008121812343598,0.00596024574333569,0.02289247,0.98777174949646,-0.04663870856165886,0.9196887612342834,0.0001,0.2,2300,-0.019852462137350813
27,4243,118784,232,0.208984375,-8.001262176036835,0.017418043335783295,0.024523895,0.9668645858764648,-0.045848846435546875,0.9195218086242676,0.0001,0.2,2310,-0.023669685947243124
28,4259,119296,233,0.217578125,-7.998166388273239,0.005027743123355322,0.02272575,0.9779894351959229,-0.07476264238357544,0.9184363484382629,0.0001,0.2,2320,-0.03096067574224435
28,4277,119808,234,0.2044921875,-7.992451721429825,0.0062654235167428855,0.029844824,0.9831480383872986,-0.03832085058093071,0.9176031947135925,0.0001,0.2,2330,-0.024194232933223248
28,4296,120320,235,0.2150390625,-7.990189349651336,0.012402404029853643,0.02432831,0.9678647518157959,-0.06350629031658173,0.9179041981697083,0.0001,0.2,2340,-0.024451568792574107
28,4313,120832,236,0.2046875,-7.992306780815125,0.008719539218873251,0.021178618,0.9799045920372009,-0.06288683414459229,0.9181876182556152,0.0001,0.2,2350,-0.01916638035327196
28,4331,121344,237,0.1837890625,-7.9948593318462375,0.010723513666016515,0.022576641,0.9759673476219177,-0.05408873409032822,0.9186615347862244,0.0001,0.2,2360,-0.01956161924172193
28,4348,121856,238,0.2607421875,-7.993863654136658,0.005009582330239936,0.044477437,0.9868139028549194,-0.05263495445251465,0.9177060723304749,0.0001,0.2,2370,-0.02211719172773883
28,4365,122368,239,0.207421875,-7.98971037864685,0.006185177653969731,0.020291012,0.9838641881942749,-0.04557110369205475,0.9178078770637512,0.0001,0.2,2380,-0.018235388753237203
28,4382,122880,240,0.19765625,-7.990898430347443,0.0057421011530095715,0.032629274,0.9859362840652466,-0.06419599056243896,0.9178895950317383,0.0001,0.2,2390,-0.01978461554390378
28,4400,123392,241,0.235546875,-7.989056938886643,0.005932085437962087,0.055437542,0.9864858388900757,-0.05533730983734131,0.9169294238090515,0.0001,0.2,2400,-0.021935990283964202
28,4418,123904,242,0.2416015625,-7.987247401475907,0.004538557690466405,0.034833252,0.9864622950553894,-0.05923585966229439,0.917410135269165,0.0001,0.2,2410,-0.024628172145457938
28,4437,124416,243,0.2515625,-7.989925056695938,0.006910041249648202,0.033503056,0.9851481318473816,-0.06388729810714722,0.9174578189849854,0.0001,0.2,2420,-0.027441259811166675
28,4455,124928,244,0.1658203125,-7.987794560194016,0.006439426996803377,0.027412068,0.983385443687439,-0.054975271224975586,0.9168547987937927,0.0001,0.2,2430,-0.013259744085371495
28,4473,125440,245,0.187109375,-7.984749734401703,0.005500399784068577,0.02558368,0.9856828451156616,-0.06658514589071274,0.9167380332946777,0.0001,0.2,2440,-0.0229266690032091
28,4490,125952,246,0.1982421875,-7.988035893440246,0.0056381906106253155,0.021026596,0.9864277839660645,-0.07683274149894714,0.9175921082496643,0.0001,0.2,2450,-0.012003534846007824
28,4509,126464,247,0.208203125,-7.99148313999176,0.003243529820611002,0.022902973,0.993147075176239,-0.07944906502962112,0.9177384972572327,0.0001,0.2,2460,-0.02270302938995883
28,4527,126976,248,0.215625,-7.992151296138763,0.0016581621421210002,0.059534017,0.9961698055267334,-0.08854509890079498,0.917820394039154,0.0001,0.2,2470,-0.024148033716483042
28,4546,127488,249,0.2263671875,-7.989724451303482,0.00566401424293872,0.025664577,0.9889373183250427,-0.06078830361366272,0.9173197746276855,0.0001,0.2,2480,-0.03030156753375195
28,4564,128000,250,0.1931640625,-7.988574367761612,0.014568265090929344,0.025197644,0.9694573879241943,-0.0780988559126854,0.9174086451530457,0.0001,0.2,2490,-0.023990854690782725
28,4582,128512,251,0.20859375,-7.989642077684403,0.0026376283254649024,0.023073442,0.9903615117073059,-0.06330111622810364,0.9177553653717041,0.0001,0.2,2500,-0.01978078354150057
28,4600,129024,252,0.264453125,-7.988810503482819,0.003240574749725056,0.04370809,0.992557168006897,-0.08530579507350922,0.9171350598335266,0.0001,0.2,2510,-0.03298169545596465
28,4618,129536,253,0.19453125,-7.987128514051437,0.006294214750960236,0.03922876,0.9838358163833618,-0.0958191305398941,0.9173181653022766,0.0001,0.2,2520,-0.022643976868130265
28,4636,130048,254,0.249609375,-7.987551355361939,0.00422545014807838,0.047108322,0.9882744550704956,-0.024395333603024483,0.9172906279563904,0.0001,0.2,2530,-0.020617588667664676
28,4655,130560,255,0.2162109375,-7.989781206846237,0.004884057617891813,0.025774822,0.9898195266723633,-0.058869317173957825,0.9181060194969177,0.0001,0.2,2540,-0.021547808969626204
28,4672,131072,256,0.209765625,-7.992497801780701,0.003304189217305975,0.025258258,0.9931968450546265,-0.059901583939790726,0.9178829193115234,0.0001,0.2,2550,-0.018994812585879116
28,4691,131584,257,0.208203125,-7.9921268880367276,0.005221063065982889,0.021418128,0.9891065359115601,-0.09456377476453781,0.9184074401855469,0.0001,0.2,2560,-0.020249619509559124
28,4710,132096,258,0.2177734375,-7.996455365419388,0.005951061041560024,0.023832055,0.9890487194061279,-0.07010108977556229,0.9191471934318542,0.0001,0.2,2570,-0.027738944097654893
28,4727,132608,259,0.2408203125,-7.998828679323196,0.009771251694473904,0.028287807,0.9785992503166199,-0.07075276225805283,0.9191702008247375,0.0001,0.2,2580,-0.021061345119960606
28,4744,133120,260,0.235546875,-7.997624337673187,0.0054288098595861815,0.021939356,0.9893763661384583,-0.05596368387341499,0.9187929034233093,0.0001,0.2,2590,-0.029714414867339656
28,4762,133632,261,0.205078125,-7.992060381174087,0.006922447233955608,0.026908997,0.9832820892333984,-0.0679340660572052,0.917451798915863,0.0001,0.2,2600,-0.01961199236102402
28,4779,134144,262,0.1884765625,-7.987771880626679,0.0017732471431372687,0.019394718,0.9947645664215088,-0.03758196160197258,0.9175105094909668,0.0001,0.2,2610,-0.024838550540152937
28,4797,134656,263,0.17578125,-7.984939712285995,0.0049090138174506135,0.029648792,0.9880231022834778,-0.04696013778448105,0.9161331057548523,0.0001,0.2,2620,-0.01347625016933307
28,4815,135168,264,0.21171875,-7.975200253725052,0.01067156733770389,0.027678039,0.9768354296684265,-0.04256412759423256,0.9148030281066895,0.0001,0.2,2630,-0.01821235726820305
28,4831,135680,265,0.2150390625,-7.967270648479461,0.005882006775937043,0.02863793,0.9795991778373718,-0.09238847345113754,0.9136428833007812,0.0001,0.2,2640,-0.024308825365733356
28,4850,136192,266,0.219140625,-7.965822094678879,0.005817740165366558,0.023444198,0.9804790019989014,-0.10174939036369324,0.9143977761268616,0.0001,0.2,2650,-0.01975763058871962
28,4866,136704,267,0.2400390625,-7.971543926000595,0.003034749142534565,0.030570062,0.984317421913147,-0.07033711671829224,0.9154675006866455,0.0001,0.2,2660,-0.023499838972929864
28,4883,137216,268,0.2001953125,-7.976392143964768,0.0049506726933032045,0.033662613,0.9877826571464539,-0.07697765529155731,0.9155414700508118,0.0001,0.2,2670,-0.022729289589915425
28,4900,137728,269,0.182421875,-7.9729902982711796,0.006455880108114797,0.0268928,0.986468493938446,-0.06515795737504959,0.914691686630249,0.0001,0.2,2680,-0.02108589216368273
28,4918,138240,270,0.2029296875,-7.967470228672028,0.009928295589634217,0.025139863,0.9750966429710388,-0.09022003412246704,0.9139030575752258,0.0001,0.2,2690,-0.02134586850879714
28,4935,138752,271,0.1748046875,-7.960221397876739,0.005345367707923288,0.017652147,0.9869669079780579,-0.0745997428894043,0.9124796390533447,0.0001,0.2,2700,-0.01657828353345394
28,4954,139264,272,0.1943359375,-7.951294273138046,0.0108679138829757,0.02535354,0.9775429964065552,-0.0798628032207489,0.9111971259117126,0.0001,0.2,2710,-0.017112457437906414
28,4972,139776,273,0.197265625,-7.9439694583415985,0.003541626938749687,0.01861655,0.9917606115341187,-0.07798296958208084,0.9100951552391052,0.0001,0.2,2720,-0.013624352670740336
28,4989,140288,274,0.2046875,-7.94258406162262,0.003592397094325861,0.033643827,0.99147629737854,-0.1023884043097496,0.9105938076972961,0.0001,0.2,2730,-0.020004607841838152
28,5009,140800,275,0.221484375,-7.9471884071826935,0.00439026863896288,0.021302497,0.9860081076622009,-0.06361503899097443,0.9113389849662781,0.0001,0.2,2740,-0.027114443515893073
28,5026,141312,276,0.2109375,-7.948051452636719,0.0034528024516475853,0.027072273,0.9906139969825745,-0.10630975663661957,0.9108125567436218,0.0001,0.2,2750,-0.02282130976091139
28,5045,141824,277,0.2130859375,-7.943783169984817,0.005189699545735493,0.026319712,0.9883670210838318,-0.07449187338352203,0.9101889729499817,0.0001,0.2,2760,-0.016060046845814212
28,5062,142336,278,0.191796875,-7.938899111747742,0.004451477056136355,0.018649202,0.9868341684341431,-0.06388094276189804,0.9095792174339294,0.0001,0.2,2770,-0.021428696654038504
28,5080,142848,279,0.214453125,-7.932621425390243,0.0031531390257441673,0.049167637,0.9917672872543335,-0.07230281084775925,0.9081998467445374,0.0001,0.2,2780,-0.02018487713066861
28,5099,143360,280,0.2330078125,-7.927662271261215,0.006386307984939776,0.021751557,0.9845059514045715,-0.06284750252962112,0.9083207249641418,0.0001,0.2,2790,-0.02418474421137944
28,5117,143872,281,0.2701171875,-7.9258814513683316,0.009399641449272167,0.045920007,0.9763998985290527,-0.047394756227731705,0.9074038863182068,0.0001,0.2,2800,-0.02795964981196448
28,5135,144384,282,0.2326171875,-7.919182229042053,0.0033762236846087033,0.04186578,0.9893836379051208,-0.05487329885363579,0.9064485430717468,0.0001,0.2,2810,-0.02300890089245513
28,5150,144896,283,0.2404296875,-7.917247760295868,0.007675597068737261,0.03194612,0.9832901358604431,-0.08660814166069031,0.9070136547088623,0.0001,0.2,2820,-0.028665160527452826
28,5167,145408,284,0.2265625,-7.918266838788986,0.004299359146534698,0.024424426,0.9892326593399048,-0.08711884915828705,0.9065478444099426,0.0001,0.2,2830,-0.024006337753962725
28,5187,145920,285,0.19921875,-7.912265139818191,0.000775413095834665,0.0190281,0.9975597262382507,-0.06488817930221558,0.905602753162384,0.0001,0.2,2840,-0.022534415207337587
28,5204,146432,286,0.1759765625,-7.906981348991394,0.0029162190447095783,0.017869992,0.992445707321167,-0.049361150711774826,0.9049851894378662,0.0001,0.2,2850,-0.01423214228125289
28,5222,146944,287,0.249609375,-7.9008902370929714,0.006981422684839344,0.034613837,0.9803200960159302,-0.08126291632652283,0.9036498069763184,0.0001,0.2,2860,-0.027270870193024165
28,5242,147456,288,0.2173828125,-7.89387538433075,0.004046313150320202,0.028766003,0.9895645380020142,-0.07629930973052979,0.9032295346260071,0.0001,0.2,2870,-0.022189051611348987
28,5259,147968,289,0.2408203125,-7.889575231075287,0.0030821843018202346,0.031556312,0.9925862550735474,-0.021509094163775444,0.9022533893585205,0.0001,0.2,2880,-0.02698864537087502
28,5277,148480,290,0.2474609375,-7.884289503097534,0.0008820384829959949,0.039164327,0.9972858428955078,-0.1057189404964447,0.9018096923828125,0.0001,0.2,2890,-0.03279235626105219
28,5296,148992,291,0.241796875,-7.878294289112091,0.002073815684343572,0.077502616,0.9940361976623535,-0.09677234292030334,0.9007070660591125,0.0001,0.2,2900,-0.029292316432110964
28,5313,149504,292,0.2564453125,-7.873185503482818,0.002418053049768787,0.043135624,0.99349445104599,-0.08278161287307739,0.9002058506011963,0.0001,0.2,2910,-0.02935807410394773
28,5331,150016,293,0.2140625,-7.873271590471267,0.006380713705948437,0.030949779,0.9844444990158081,-0.07635995745658875,0.9007264971733093,0.0001,0.2,2920,-0.020108128021820448
28,5350,150528,294,0.2361328125,-7.877668619155884,0.0010575219992460915,0.029185249,0.9961637854576111,-0.08444271236658096,0.9013006091117859,0.0001,0.2,2930,-0.026342975930310784
28,5368,151040,295,0.1705078125,-7.878935050964356,0.004687683123484021,0.020408077,0.9885333776473999,-0.06462667882442474,0.9013617038726807,0.0001,0.2,2940,-0.021244810335338114
28,5386,151552,296,0.2474609375,-7.883513742685318,0.0031315805092162917,0.04069024,0.9937258958816528,-0.09908492118120193,0.9025602340698242,0.0001,0.2,2950,-0.02698685904033482
28,5404,152064,297,0.225390625,-7.8884609818458555,0.0074332902018795725,0.023701092,0.9831530451774597,-0.06998305767774582,0.9027517437934875,0.0001,0.2,2960,-0.02204640973941423
28,5424,152576,298,0.17578125,-7.8852281987667086,0.0026248004298395243,0.015311509,0.990770697593689,-0.05340172350406647,0.9016831517219543,0.0001,0.2,2970,-0.02168857310898602
28,5442,153088,299,0.2263671875,-7.8791543841362,0.002565100691936095,0.03625079,0.993516206741333,-0.023721544072031975,0.901386022567749,0.0001,0.2,2980,-0.023241538496222347
28,5460,153600,300,0.2181640625,-7.877724391222,0.0062439084445941265,0.020426825,0.9872282147407532,-0.05607641488313675,0.9009039998054504,0.0001,0.2,2990,-0.01991383463027887
28,5477,154112,301,0.2201171875,-7.877128028869629,0.004343436375711463,0.026171729,0.9891181588172913,-0.05026176944375038,0.9013907313346863,0.0001,0.2,3000,-0.018426971137523653
28,5495,154624,302,0.2916015625,-7.878481584787369,0.0031877015626378125,0.027683128,0.9922972321510315,-0.057780757546424866,0.9010409712791443,0.0001,0.2,3010,-0.030392473051324486
28,5514,155136,303,0.245703125,-7.8749780535697935,0.001677619530892116,0.033565152,0.9962973594665527,-0.09024307131767273,0.9006962180137634,0.0001,0.2,3020,-0.022001844085752963
28,5532,155648,304,0.2638671875,-7.874441820383072,0.0015138037881115452,0.02459878,0.996212363243103,-0.08581032603979111,0.9009471535682678,0.0001,0.2,3030,-0.026822677807649596
28,5550,156160,305,0.2091796875,-7.869997805356979,0.004686325190050411,0.026153332,0.9897878766059875,-0.04169795289635658,0.8993313908576965,0.0001,0.2,3040,-0.023322612344054507
28,5569,156672,306,0.213671875,-7.867499309778213,0.003996203079077531,0.02198147,0.9920347929000854,-0.052022647112607956,0.9006213545799255,0.0001,0.2,3050,-0.01782822507666424
28,5585,157184,307,0.194140625,-7.870180344581604,0.006673845456680283,0.022713615,0.9865341186523438,-0.024735338985919952,0.8996523022651672,0.0001,0.2,3060,-0.0187834506155923
28,5602,157696,308,0.21640625,-7.862240624427796,0.001788328961993102,0.036445778,0.9916227459907532,-0.0824747309088707,0.898509681224823,0.0001,0.2,3070,-0.02712418924202211
28,5620,158208,309,0.245703125,-7.851607549190521,0.005892789402787457,0.0316291,0.9884461760520935,-0.09336210042238235,0.8963391780853271,0.0001,0.2,3080,-0.02844666400924325
28,5637,158720,310,0.252734375,-7.837872415781021,0.0015176532051555114,0.025547488,0.9946258664131165,-0.09096149355173111,0.8949961066246033,0.0001,0.2,3090,-0.023195976053830236
28,5656,159232,311,0.241796875,-7.83305316567421,0.0029714053438510747,0.043370176,0.9930206537246704,-0.0897909477353096,0.894656240940094,0.0001,0.2,3100,-0.029345762555021793
28,5673,159744,312,0.28671875,-7.832030552625656,0.001348826544563053,0.04032176,0.9950574040412903,-0.09090197831392288,0.8947855830192566,0.0001,0.2,3110,-0.025064703705720604
28,5691,160256,313,0.2255859375,-7.832175064086914,0.005171072743178229,0.033753302,0.9853478670120239,-0.024678220972418785,0.8946375250816345,0.0001,0.2,3120,-0.02978145348606631
28,5710,160768,314,0.225390625,-7.825812864303589,0.0054723150104109665,0.028037997,0.9874184131622314,-0.03226952999830246,0.8928146362304688,0.0001,0.2,3130,-0.019549674401059747
28,5727,161280,315,0.19765625,-7.816904556751251,0.005932361011218745,0.023514338,0.9875183701515198,-0.10322960466146469,0.8920876383781433,0.0001,0.2,3140,-0.018717838928569108
28,5744,161792,316,0.2099609375,-7.813498646020889,0.004885669525538106,0.029309701,0.9880709648132324,-0.0705803781747818,0.8916577696800232,0.0001,0.2,3150,-0.02371866852045059
28,5764,162304,317,0.223046875,-7.811224150657654,0.006092944489864749,0.024613008,0.9871233701705933,-0.07197204232215881,0.8916535377502441,0.0001,0.2,3160,-0.028091296652564778
28,5782,162816,318,0.21640625,-7.80978924036026,0.0009883336451821378,0.02957188,0.9968496561050415,-0.054130468517541885,0.8910425305366516,0.0001,0.2,3170,-0.020492345700040458
28,5800,163328,319,0.255078125,-7.804086309671402,0.0051975577633129435,0.024296463,0.987267255783081,-0.09481234848499298,0.8902540802955627,0.0001,0.2,3180,-0.026549412752501667
28,5817,163840,320,0.2376953125,-7.798674535751343,0.0011709141421306414,0.024891315,0.9975048899650574,-0.05809982866048813,0.8893187642097473,0.0001,0.2,3190,-0.026890587306115776
28,5834,164352,321,0.217578125,-7.793690973520279,0.0065129906543006655,0.028722469,0.9836841225624084,-0.09346980601549149,0.8886747360229492,0.0001,0.2,3200,-0.022169956681318582
28,5853,164864,322,0.2669921875,-7.788158422708511,0.001125567044618947,0.08293222,0.997050940990448,-0.07939965277910233,0.8873663544654846,0.0001,0.2,3210,-0.019369508075760676
28,5871,165376,323,0.2064453125,-7.7842567443847654,0.002777996138866001,0.04097475,0.9930143356323242,-0.10234423726797104,0.8877097964286804,0.0001,0.2,3220,-0.021312518080230804
28,5889,165888,324,0.23671875,-7.784640270471573,0.0010523030019612633,0.025887154,0.9975213408470154,-0.061358626931905746,0.8873301148414612,0.0001,0.2,3230,-0.016017609252594413
28,5907,166400,325,0.2466796875,-7.780603528022766,0.0060292113750620045,0.035743076,0.986745297908783,-0.05679749324917793,0.8867166042327881,0.0001,0.2,3240,-0.028486740222433582
28,5924,166912,326,0.2498046875,-7.774418181180954,0.0039043178738211283,0.026783124,0.991184651851654,-0.009886948391795158,0.8853747844696045,0.0001,0.2,3250,-0.02015178469591774
28,5942,167424,327,0.2259765625,-7.764135402441025,0.004078711765396292,0.029479194,0.9894123673439026,-0.06066000461578369,0.8839421272277832,0.0001,0.2,3260,-0.02651694160886109
28,5961,167936,328,0.214453125,-7.755868375301361,0.0028522263823106187,0.024792848,0.9934045672416687,-0.04943715035915375,0.8826611638069153,0.0001,0.2,3270,-0.020639845775440334
28,5978,168448,329,0.2513671875,-7.749363708496094,0.003193655457653222,0.026143856,0.992461085319519,-0.03317346051335335,0.8820888996124268,0.0001,0.2,3280,-0.019723378703929484
28,5995,168960,330,0.2861328125,-7.749476885795593,0.0013440511820590473,0.02989162,0.9961577653884888,-0.054072488099336624,0.8826319575309753,0.0001,0.2,3290,-0.02362096026772633
28,6013,169472,331,0.2599609375,-7.753870171308518,0.0021234099087450884,0.033585064,0.9945629239082336,-0.047647327184677124,0.8831259608268738,0.0001,0.2,3300,-0.024636958516202866
28,6032,169984,332,0.255859375,-7.755277222394943,0.0005209673236095114,0.01936447,0.9969427585601807,-0.07557084411382675,0.8830433487892151,0.0001,0.2,3310,-0.017245358671061695
28,6049,170496,333,0.2203125,-7.750900548696518,0.004233687752639525,0.034052767,0.9900796413421631,-0.03211159259080887,0.8819127678871155,0.0001,0.2,3320,-0.019711333280429243
28,6066,171008,334,0.2064453125,-7.745231056213379,0.0037905075632806984,0.025787137,0.9922516345977783,-0.08342591673135757,0.8813614845275879,0.0001,0.2,3330,-0.01958903030026704
28,6084,171520,335,0.261328125,-7.740276795625687,0.0010696291856220341,0.03727194,0.9967532753944397,-0.022401051595807076,0.8807523846626282,0.0001,0.2,3340,-0.021653898659860716
28,6102,172032,336,0.2587890625,-7.741219997406006,0.0020557488709528116,0.029327907,0.9948940873146057,-0.059427302330732346,0.8818174004554749,0.0001,0.2,3350,-0.012705773487687111
28,6119,172544,337,0.24375,-7.74612147808075,0.004080138417339185,0.038042013,0.9886302351951599,-0.08170223981142044,0.8818699717521667,0.0001,0.2,3360,-0.027568280615378173
28,6136,173056,338,0.22734375,-7.743930840492249,0.009354890588292619,0.024899963,0.9797750115394592,-0.07290023565292358,0.8810352683067322,0.0001,0.2,3370,-0.008629564574221149
28,6156,173568,339,0.2662109375,-7.738498151302338,0.0019079765832429984,0.025223995,0.9951421022415161,-0.040593601763248444,0.8803811073303223,0.0001,0.2,3380,-0.021260208962485195
28,6173,174080,340,0.257421875,-7.733422654867172,0.005354705307036056,0.031449236,0.9881083369255066,-0.0869656428694725,0.8797454237937927,0.0001,0.2,3390,-0.01915488269587513
28,6192,174592,341,0.2455078125,-7.732803708314895,0.003313305967276392,0.02219366,0.9933841824531555,-0.06112959608435631,0.8803618550300598,0.0001,0.2,3400,-0.01588927418924868
28,6209,175104,342,0.2431640625,-7.7338011980056764,0.027325025358004497,0.022385212,0.9404128193855286,0.028094053268432617,0.8799452185630798,0.0001,0.2,3410,-0.017313674034085125
28,6226,175616,343,0.25546875,-7.728601342439651,0.0160433533921605,0.041650258,0.9689223766326904,-0.0698748454451561,0.8789888024330139,0.0001,0.2,3420,-0.025614850991405546
28,6243,176128,344,0.25625,-7.724165678024292,0.009566457844630349,0.032917302,0.9712733030319214,-0.04435146600008011,0.8787276148796082,0.0001,0.2,3430,-0.027725200378336014
28,6260,176640,345,0.1638671875,-7.721790772676468,0.002740627517050598,0.020260308,0.9913116097450256,-0.08403134346008301,0.8781322836875916,0.0001,0.2,3440,-0.013718731258995831
28,6277,177152,346,0.283203125,-7.718248349428177,0.0009979808502976085,0.073114574,0.9967703223228455,-0.06078646332025528,0.8779458403587341,0.0001,0.2,3450,-0.03218946052948013
28,6296,177664,347,0.234765625,-7.718282437324524,0.0019520085017575184,0.017769737,0.99458909034729,-0.05851030349731445,0.8777123093605042,0.0001,0.2,3460,-0.025985067209694533
28,6314,178176,348,0.23203125,-7.718664765357971,0.0012259237671969458,0.027318897,0.9969614148139954,-0.08612535148859024,0.8779132962226868,0.0001,0.2,3470,-0.02238759199390188
28,6332,178688,349,0.2212890625,-7.715662115812302,0.006049962286488153,0.028550347,0.984509289264679,-0.08978917449712753,0.8769204616546631,0.0001,0.2,3480,-0.0268590250518173
28,6350,179200,350,0.2927734375,-7.711657953262329,0.006924352771602571,0.028770523,0.9822819828987122,-0.09714595973491669,0.8768503665924072,0.0001,0.2,3490,-0.026691923005273566
28,6366,179712,351,0.2197265625,-7.709948879480362,0.0031427395029822946,0.022943951,0.9909538626670837,-0.10082343965768814,0.8763218522071838,0.0001,0.2,3500,-0.028817109001101925
28,6385,180224,352,0.2294921875,-7.705807304382324,0.0026277092856616946,0.019763988,0.9936240315437317,-0.07069864869117737,0.8757886290550232,0.0001,0.2,3510,-0.022673290807870217
28,6402,180736,353,0.2419921875,-7.703436577320099,0.004147037529037334,0.026442088,0.9885764122009277,-0.05412241816520691,0.875575602054596,0.0001,0.2,3520,-0.024520005617523565
28,6420,181248,354,0.2484375,-7.706041216850281,0.0013857749250746564,0.025242185,0.9958884716033936,-0.045372940599918365,0.8767663836479187,0.0001,0.2,3530,-0.0211136533645913
28,6439,181760,355,0.228515625,-7.711548906564713,0.006664794515018002,0.02397246,0.9845717549324036,-0.06859719008207321,0.8771063685417175,0.0001,0.2,3540,-0.0248854793375358
28,6456,182272,356,0.2419921875,-7.712787491083145,0.005718431697823689,0.041576304,0.9879315495491028,-0.10955251753330231,0.8768324255943298,0.0001,0.2,3550,-0.027801166009157895
28,6474,182784,357,0.237109375,-7.709919273853302,0.00290333690791158,0.028395332,0.9918041825294495,-0.1341160237789154,0.8764109015464783,0.0001,0.2,3560,-0.020394384989049285
28,6492,183296,358,0.2470703125,-7.705640888214111,0.001696853740941151,0.02304555,0.995466947555542,-0.09880600869655609,0.8756090998649597,0.0001,0.2,3570,-0.02595171623688657
28,6510,183808,359,0.2048828125,-7.705430752038955,0.0021253713115584106,0.030056886,0.994208574295044,-0.055100180208683014,0.8766272664070129,0.0001,0.2,3580,-0.019804759352700783
28,6529,184320,360,0.2171875,-7.710432767868042,0.0006955564756935928,0.025924494,0.9981523156166077,-0.0956856831908226,0.8765737414360046,0.0001,0.2,3590,-0.029465478053316473
28,6546,184832,361,0.274609375,-7.712254202365875,0.002927783159793762,0.035215013,0.992751955986023,-0.060459449887275696,0.8773403167724609,0.0001,0.2,3600,-0.028072048211470246
28,6565,185344,362,0.1986328125,-7.718902808427811,0.0008916991129808594,0.020740055,0.9978320002555847,-0.039150435477495193,0.8783791065216064,0.0001,0.2,3610,-0.01574453478679061
28,6583,185856,363,0.2625,-7.721333050727845,0.005119559758895775,0.03415716,0.9881333112716675,-0.0811774730682373,0.8778128623962402,0.0001,0.2,3620,-0.027021711296401917
28,6600,186368,364,0.290234375,-7.720466262102127,0.0034486848571759765,0.03978824,0.9924209713935852,-0.05062021315097809,0.8783238530158997,0.0001,0.2,3630,-0.02339736956055276
28,6618,186880,365,0.25078125,-7.720542705059051,0.005386191092111403,0.05250823,0.9858853816986084,-0.05678539723157883,0.877626895904541,0.0001,0.2,3640,-0.030620891030412167
28,6635,187392,366,0.204296875,-7.716022700071335,0.004267339337820886,0.029172665,0.9895599484443665,-0.0811176523566246,0.8773643970489502,0.0001,0.2,3650,-0.026619018916971982
28,6654,187904,367,0.2384765625,-7.71704985499382,0.0025138463004623192,0.031280827,0.9939350485801697,-0.07471223175525665,0.8775351047515869,0.0001,0.2,3660,-0.02509858656558208
28,6672,188416,368,0.211328125,-7.714581608772278,0.0016202968794459594,0.026036095,0.995658278465271,-0.060794927179813385,0.8769777417182922,0.0001,0.2,3670,-0.0205331698176451
28,6690,188928,369,0.2599609375,-7.7172938764095305,0.007075517932025832,0.034878198,0.9838306307792664,-0.09146460145711899,0.8785903453826904,0.0001,0.2,3680,-0.025968669494614006
28,6707,189440,370,0.252734375,-7.72362368106842,0.0027890932210539177,0.036780905,0.9936320185661316,-0.09877678751945496,0.878436267375946,0.0001,0.2,3690,-0.025074095209129156
28,6726,189952,371,0.2052734375,-7.719462978839874,0.004088471258728532,0.018388674,0.9912362098693848,-0.07897846400737762,0.8773283958435059,0.0001,0.2,3700,-0.021401309687644244
28,6743,190464,372,0.22734375,-7.713704788684845,0.003334524842284736,0.027082305,0.99258953332901,-0.08920107036828995,0.8770096898078918,0.0001,0.2,3710,-0.020738943002652378
28,6762,190976,373,0.19765625,-7.708837270736694,0.008346052964770933,0.022542853,0.9808235168457031,-0.06834780424833298,0.8756226897239685,0.0001,0.2,3720,-0.021445957908872514
28,6780,191488,374,0.2353515625,-7.704965430498123,0.0005301265417074319,0.028700106,0.997139573097229,-0.08258992433547974,0.8762560486793518,0.0001,0.2,3730,-0.030053578305523843
28,6797,192000,375,0.2052734375,-7.7090126276016235,0.0027893273836525623,0.025927404,0.9929343461990356,-0.04383125156164169,0.8765053749084473,0.0001,0.2,3740,-0.028931639197980984
28,6815,192512,376,0.222265625,-7.710081821680069,0.005360891765303677,0.028162716,0.9873266816139221,-0.07898945361375809,0.8764726519584656,0.0001,0.2,3750,-0.025481452024541794
28,6833,193024,377,0.2515625,-7.709330374002457,0.0067862531897844745,0.026683392,0.9848023653030396,-0.06247115880250931,0.8768279552459717,0.0001,0.2,3760,-0.021599053451791406
28,6851,193536,378,0.2255859375,-7.712409001588822,0.004914606566308067,0.032552615,0.9910193085670471,-0.07811659574508667,0.8772611021995544,0.0001,0.2,3770,-0.032173493900336324
28,6867,194048,379,0.2767578125,-7.712320399284363,0.002653430354621378,0.03137684,0.993217945098877,-0.07418660819530487,0.8769991993904114,0.0001,0.2,3780,-0.023670908261556177
28,6885,194560,380,0.2234375,-7.707851362228394,0.005410488541383529,0.02353945,0.9882060289382935,-0.09755666553974152,0.8763570189476013,0.0001,0.2,3790,-0.027363760152366013
28,6901,195072,381,0.225,-7.704239970445633,0.00091438343624759,0.033476606,0.9972921013832092,-0.05083714425563812,0.8760140538215637,0.0001,0.2,3800,-0.02445985097438097
28,6920,195584,382,0.287890625,-7.702138555049896,0.004190248169470579,0.04717775,0.9903995394706726,-0.0433679074048996,0.8754951357841492,0.0001,0.2,3810,-0.037513284105807544
28,6938,196096,383,0.2220703125,-7.6995152056217195,0.02250281677097519,0.027342126,0.95075523853302,-0.08013569563627243,0.8754131197929382,0.0001,0.2,3820,-0.027881990710739046
28,6956,196608,384,0.2443359375,-7.6989323735237125,0.00863346615296905,0.02370561,0.9784303307533264,-0.061686158180236816,0.8751955628395081,0.0001,0.2,3830,-0.019053411961067468
28,6974,197120,385,0.2271484375,-7.6932324945926664,0.003881225027362234,0.02768776,0.9862778782844543,-0.05058429390192032,0.8737614154815674,0.0001,0.2,3840,-0.023819947347510605
28,6992,197632,386,0.2072265625,-7.686971068382263,0.0005952016455921694,0.028774412,0.9984233975410461,-0.08947054296731949,0.8733944892883301,0.0001,0.2,3850,-0.0260373929340858
28,7009,198144,387,0.2302734375,-7.679356074333191,0.002577790602845198,0.020053927,0.9938910603523254,-0.083470918238163,0.8714256286621094,0.0001,0.2,3860,-0.02396963011706248
28,7028,198656,388,0.2490234375,-7.6714771568775175,0.0024261968605060248,0.032543335,0.9946646690368652,-0.05441264808177948,0.8713120818138123,0.0001,0.2,3870,-0.017973240301944315
28,7046,199168,389,0.2216796875,-7.670647758245468,0.0024284761709168377,0.021721829,0.9944006204605103,-0.05648910626769066,0.8709497451782227,0.0001,0.2,3880,-0.021085205720737576
28,7063,199680,390,0.2140625,-7.669374454021454,0.0005174090594664449,0.027946025,0.9985240697860718,-0.023005394265055656,0.8711230158805847,0.0001,0.2,3890,-0.029412393574602902
28,7080,200192,391,0.1943359375,-7.67018228173256,0.005511393139022403,0.018006455,0.9871773719787598,-0.0697951689362526,0.8711914420127869,0.0001,0.2,3900,-0.017556350491940976
28,7098,200704,392,0.2166015625,-7.67128775715828,0.0014029148131157853,0.02935807,0.996579110622406,-0.08569357544183731,0.8715700507164001,0.0001,0.2,3910,-0.02864271227736026
28,7117,201216,393,0.1955078125,-7.673695659637451,0.0024558746203183547,0.018681604,0.994609534740448,-0.08086105436086655,0.8718063235282898,0.0001,0.2,3920,-0.02028146558441222
28,7134,201728,394,0.248046875,-7.673373281955719,0.0010483803631359478,0.033705875,0.9972413182258606,-0.05826845020055771,0.8715903162956238,0.0001,0.2,3930,-0.023137161112390458
28,7152,202240,395,0.226171875,-7.675059831142425,0.004219155015380238,0.038081788,0.9895773530006409,-0.06708544492721558,0.8725273013114929,0.0001,0.2,3940,-0.0275427186046727
28,7169,202752,396,0.1642578125,-7.6802273154258724,0.00268879087161622,0.021272212,0.9887530207633972,-0.059544019401073456,0.8733052611351013,0.0001,0.2,3950,-0.01477267014561221
28,7187,203264,397,0.236328125,-7.682783299684525,0.006325062746327603,0.033307254,0.9841160774230957,-0.0668119415640831,0.8727996945381165,0.0001,0.2,3960,-0.0237173528643325
28,7205,203776,398,0.20703125,-7.67629582285881,0.0010278853796990006,0.024342962,0.9957502484321594,-0.06441017240285873,0.871938169002533,0.0001,0.2,3970,-0.024395387945696713
28,7222,204288,399,0.280078125,-7.671266573667526,0.0015868992220930522,0.04428693,0.9960691928863525,-0.09891106933355331,0.8713601231575012,0.0001,0.2,3980,-0.030661066726315765
28,7240,204800,400,0.2560546875,-7.669887524843216,0.00289313582052273,0.030028107,0.9930329918861389,-0.04584427550435066,0.8716447353363037,0.0001,0.2,3990,-0.02113787189591676
28,7259,205312,401,0.26328125,-7.666081166267395,0.0032086119130326552,0.032634612,0.9933920502662659,-0.10651523619890213,0.8701309561729431,0.0001,0.2,4000,-0.026968411257257685
28,7278,205824,402,0.241015625,-7.658674705028534,0.001168217931262916,0.039265074,0.9953420162200928,-0.0686449259519577,0.8694393634796143,0.0001,0.2,4010,-0.02306068648467772
28,7296,206336,403,0.224609375,-7.657161539793014,0.005197882801439846,0.02858344,0.986486554145813,-0.06747850030660629,0.8697940707206726,0.0001,0.2,4020,-0.017935373832006007
28,7313,206848,404,0.2271484375,-7.664031231403351,0.004969720612280071,0.027361691,0.9886680841445923,-0.052634309977293015,0.8707433342933655,0.0001,0.2,4030,-0.022493632650002836
28,7331,207360,405,0.2685546875,-7.667612367868424,0.0024135377758284448,0.047154397,0.9936791658401489,-0.07628689706325531,0.8708222508430481,0.0001,0.2,4040,-0.027848218195140363
28,7349,207872,406,0.2224609375,-7.664449137449265,0.00035642853918034235,0.023599949,0.9984195232391357,-0.10498490184545517,0.8699089884757996,0.0001,0.2,4050,-0.022215151810087264
28,7367,208384,407,0.2537109375,-7.660019361972809,0.017171528592734832,0.02748636,0.9671110510826111,-0.06900268793106079,0.8692479729652405,0.0001,0.2,4060,-0.02753748738905415
28,7386,208896,408,0.2326171875,-7.655054229497909,0.003321248146130529,0.03239559,0.9925727248191833,-0.07577820122241974,0.8689116835594177,0.0001,0.2,4070,-0.03020657854503952
28,7402,209408,409,0.27890625,-7.654521387815476,0.004599835870430979,0.042522404,0.9875736832618713,-0.10062627494335175,0.8687877058982849,0.0001,0.2,4080,-0.02165187938371673
28,7421,209920,410,0.257421875,-7.6532098114490505,0.003022113776023616,0.028602846,0.9921066761016846,-0.08811567723751068,0.868636429309845,0.0001,0.2,4090,-0.030659066664520652
28,7439,210432,411,0.2453125,-7.649911713600159,0.003155008910289325,0.025792256,0.9914621710777283,-0.08722800761461258,0.8680869936943054,0.0001,0.2,4100,-0.02605017429450527
28,7457,210944,412,0.222265625,-7.647710770368576,0.00022528509225594462,0.02597601,0.9993726015090942,-0.09535045176744461,0.868186891078949,0.0001,0.2,4110,-0.03005520920269191
28,7475,211456,413,0.2130859375,-7.649539440870285,0.0003154567676574516,0.027031101,0.9992142915725708,-0.03867577388882637,0.8686659336090088,0.0001,0.2,4120,-0.01866055417340249
28,7493,211968,414,0.253515625,-7.655443173646927,0.00019207124068998382,0.03269866,0.9995156526565552,-0.08737463504076004,0.8698921203613281,0.0001,0.2,4130,-0.03497890660073608
28,7511,212480,415,0.2630859375,-7.662123620510101,0.0001706747614662163,0.05148547,0.9995584487915039,-0.056522294878959656,0.8708457946777344,0.0001,0.2,4140,-0.030427199031691998
28,7529,212992,416,0.2298828125,-7.666187024116516,0.0001675921242167533,0.026174922,0.9995831847190857,-0.09015040099620819,0.8707237839698792,0.0001,0.2,4150,-0.02948148319264874
28,7546,213504,417,0.205859375,-7.6602798998355865,0.004479477131644672,0.023554314,0.9906688928604126,-0.07092901319265366,0.8691197037696838,0.0001,0.2,4160,-0.01733406458515674
28,7563,214016,418,0.2931640625,-7.65389900803566,0.004555458638060372,0.04623255,0.9911367297172546,-0.07533567398786545,0.8691719174385071,0.0001,0.2,4170,-0.028834382467903198
28,7582,214528,419,0.223046875,-7.655422204732895,0.0014708818180224625,0.03728842,0.9938483834266663,-0.05976716801524162,0.8694646954536438,0.0001,0.2,4180,-0.020621267310343683
28,7600,215040,420,0.2541015625,-7.658143156766892,0.0036739500686962857,0.028398342,0.9910423159599304,-0.04585361108183861,0.8700346946716309,0.0001,0.2,4190,-0.025975242315325886
28,7617,215552,421,0.225,-7.65674460530281,0.006589819922737661,0.027650885,0.987157940864563,-0.06571509689092636,0.8689643740653992,0.0001,0.2,4200,-0.021643796679563822
28,7635,216064,422,0.228125,-7.64769247174263,0.0027886034553375794,0.027586984,0.9929451942443848,-0.079572394490242,0.8675116896629333,0.0001,0.2,4210,-0.02341485835495405
28,7653,216576,423,0.2078125,-7.64092647433281,0.0026276365388184786,0.022922963,0.9925530552864075,-0.07040978223085403,0.8668940663337708,0.0001,0.2,4220,-0.018292719777673484
28,7670,217088,424,0.21640625,-7.641494923830033,0.002385803569632117,0.026013674,0.9939764738082886,-0.0990547314286232,0.8678824305534363,0.0001,0.2,4230,-0.023144036810845137
28,7688,217600,425,0.2353515625,-7.642667269706726,0.00318787809665082,0.036383033,0.9929267764091492,-0.07316458225250244,0.867379367351532,0.0001,0.2,4240,-0.025912444037385286
28,7705,218112,426,0.28125,-7.640967118740082,0.014136475551276817,0.042097658,0.9671444892883301,-0.05187863111495972,0.8672943115234375,0.0001,0.2,4250,-0.026136780221713708
28,7722,218624,427,0.244140625,-7.640466260910034,0.01888591232782346,0.02561998,0.9605178236961365,-0.01837850734591484,0.8675591945648193,0.0001,0.2,4260,-0.018806047725956888
28,7740,219136,428,0.2171875,-7.6391745865345,0.014053577493177727,0.01930337,0.9711777567863464,-0.045776911079883575,0.8667712211608887,0.0001,0.2,4270,-0.019929260085336863
28,7758,219648,429,0.2271484375,-7.636347413063049,0.013005922066804487,0.035003196,0.9596197605133057,-0.07365855574607849,0.8672065734863281,0.0001,0.2,4280,-0.025534903118386864
28,7776,220160,430,0.253125,-7.636471283435822,0.005493253756867489,0.0814468,0.9781390428543091,-0.07424960285425186,0.866690456867218,0.0001,0.2,4290,-0.030059504369273782
28,7794,220672,431,0.2845703125,-7.636239182949066,0.011046535894274711,0.043607607,0.9715014696121216,-0.06397271156311035,0.8670153021812439,0.0001,0.2,4300,-0.034762500238139184
28,7810,221184,432,0.22578125,-7.6369885981082914,0.0018223730632598745,0.043918416,0.9960676431655884,-0.09767881780862808,0.866969883441925,0.0001,0.2,4310,-0.03079190425341949
28,7829,221696,433,0.2892578125,-7.6364405930042265,0.00034049924097416805,0.07708718,0.9983766078948975,-0.08320888131856918,0.8666275143623352,0.0001,0.2,4320,-0.025195522070862352
28,7845,222208,434,0.26640625,-7.63640313744545,0.00189212650693662,0.03574652,0.995043933391571,0.15795014798641205,0.8672159314155579,0.0001,0.2,4330,0.004526673327200114
28,7864,222720,435,0.2544921875,-7.637533670663833,0.00033133630031443315,0.037011392,0.9986757040023804,-0.09194590151309967,0.8671028017997742,0.0001,0.2,4340,-0.020601839781738816
28,7881,223232,436,0.2404296875,-7.635570979118347,0.0019413513231484104,0.03730379,0.9953083992004395,-0.07338495552539825,0.8667264580726624,0.0001,0.2,4350,-0.023772171459859236
28,7900,223744,437,0.26171875,-7.633534556627273,0.0011325933151056233,0.036395304,0.9973958134651184,-0.06593021750450134,0.8665433526039124,0.0001,0.2,4360,-0.023295876855263485
28,7919,224256,438,0.254296875,-7.63572548031807,0.00017070690264517908,0.05005341,0.9994819760322571,0.1079411581158638,0.8674827218055725,0.0001,0.2,4370,-0.022410615684930236
28,7936,224768,439,0.2525390625,-7.639317375421524,0.0002022948694502702,0.062379673,0.999321460723877,-0.00245360448025167,0.8674746155738831,0.0001,0.2,4380,-0.01788262985064648
28,7953,225280,440,0.273046875,-7.637182605266571,0.004070131242951902,0.030600369,0.9904330968856812,-0.016697483137249947,0.8667845129966736,0.0001,0.2,4390,-0.02502631096285768
28,7971,225792,441,0.286328125,-7.6336836338043215,0.004243486416635278,0.066963494,0.9902279376983643,-0.0762568786740303,0.8664436936378479,0.0001,0.2,4400,-0.025851808313746005
28,7989,226304,442,0.216015625,-7.631357216835022,0.006090727238188265,0.024603778,0.9870250821113586,-0.056433629244565964,0.8663535714149475,0.0001,0.2,4410,-0.009958283620653674
28,8006,226816,443,0.2509765625,-7.626681822538376,0.0009159202307273517,0.0644553,0.9962981343269348,-0.07737035304307938,0.864907443523407,0.0001,0.2,4420,-0.014233574160607531
28,8025,227328,444,0.251953125,-7.6143317222595215,0.003932280198932858,0.08638796,0.9915149211883545,-0.09170425683259964,0.8630586266517639,0.0001,0.2,4430,-0.02715070666745305
28,8043,227840,445,0.251953125,-7.607100361585617,0.005122245643724455,0.043381885,0.9868889451026917,-0.10167080163955688,0.8628042340278625,0.0001,0.2,4440,-0.016509527812013404
28,8061,228352,446,0.2412109375,-7.607541966438293,0.0003118797691058717,0.046071418,0.9985294938087463,-0.10700615495443344,0.8628666400909424,0.0001,0.2,4450,-0.025544072105549275
28,8078,228864,447,0.248828125,-7.606748849153519,0.0016181769965442072,0.027303047,0.9963082671165466,-0.0788988545536995,0.8625169396400452,0.0001,0.2,4460,-0.025413645792286842
28,8096,229376,448,0.2916015625,-7.605462712049484,0.0015183752405391715,0.057215936,0.9963728189468384,-0.09048029035329819,0.8627691268920898,0.0001,0.2,4470,-0.028392151813022792
28,8114,229888,449,0.23984375,-7.6072284281253815,0.0027871568470800414,0.03751843,0.9932447075843811,-0.07853614538908005,0.8627174496650696,0.0001,0.2,4480,-0.026660902705043555
28,8131,230400,450,0.2447265625,-7.606365656852722,0.0001699536006526614,0.04485046,0.9988576173782349,-0.06838534027338028,0.8624584674835205,0.0001,0.2,4490,-0.02840382306603715
28,8149,230912,451,0.224609375,-7.6013738214969635,0.00011889890920429025,0.029212095,0.9996429085731506,-0.08753039687871933,0.8615546226501465,0.0001,0.2,4500,-0.021296162845101208
28,8166,231424,452,0.276171875,-7.597095835208893,0.002601375869653566,0.040531874,0.9940162301063538,-0.07529281079769135,0.8617603182792664,0.0001,0.2,4510,-0.02202307463157922
28,8183,231936,453,0.2765625,-7.599663925170899,0.0016685895139744388,0.029444274,0.996432900428772,-0.10174206644296646,0.8616506457328796,0.0001,0.2,4520,-0.023197060998063533
28,8201,232448,454,0.2525390625,-7.600928771495819,0.0007919602763649891,0.030384835,0.9981544613838196,-0.10218414664268494,0.8623486161231995,0.0001,0.2,4530,-0.027601644804235548
28,8219,232960,455,0.2615234375,-7.605147039890289,0.0032544479525313365,0.03915699,0.9929388761520386,-0.06375698000192642,0.8623363971710205,0.0001,0.2,4540,-0.016782308503752574
28,8236,233472,456,0.2345703125,-7.602549386024475,0.004852004602253146,0.039336663,0.990452229976654,-0.051268648356199265,0.8615909218788147,0.0001,0.2,4550,-0.012143647111952306
28,8255,233984,457,0.2142578125,-7.604915130138397,0.0001857061608461663,0.034571573,0.9986438155174255,-0.09366566687822342,0.862876832485199,0.0001,0.2,4560,-0.024821570864878593
28,8272,234496,458,0.2609375,-7.613490903377533,0.00012792135439667617,0.045269303,0.9995619058609009,-0.06366908550262451,0.8639759421348572,0.0001,0.2,4570,-0.025787442724686117
28,8290,235008,459,0.206640625,-7.614202511310578,0.003193097493931418,0.021310145,0.9921475648880005,-0.06367164105176926,0.8633368611335754,0.0001,0.2,4580,-0.0214981276425533
28,8308,235520,460,0.2673828125,-7.610863929986953,0.0002779639998152561,0.0571118,0.9991514086723328,-0.07451942563056946,0.8632392287254333,0.0001,0.2,4590,-0.03465128674870357
28,8325,236032,461,0.2560546875,-7.609690088033676,0.00017417281878806534,0.037034918,0.9995266795158386,-0.05899179354310036,0.862949550151825,0.0001,0.2,4600,-0.03265832856995985
28,8341,236544,462,0.2908203125,-7.607148039340973,0.0002832588917044632,0.03705776,0.9993156790733337,-0.0655410960316658,0.8623120188713074,0.0001,0.2,4610,-0.028229806938907132
28,8359,237056,463,0.2330078125,-7.603079795837402,0.001066114237983129,0.03441204,0.9974697232246399,-0.05073866993188858,0.8615418076515198,0.0001,0.2,4620,-0.024486664275173098
28,8376,237568,464,0.2353515625,-7.595833414793015,0.0001518459561339114,0.023509186,0.9995102286338806,-0.09491508454084396,0.8603371977806091,0.0001,0.2,4630,-0.028039953898405655
28,8394,238080,465,0.2943359375,-7.58850064277649,0.00011857523813887382,0.06083426,0.9996597170829773,-0.08965646475553513,0.8594104647636414,0.0001,0.2,4640,-0.03451324019115418
28,8411,238592,466,0.2365234375,-7.580357873439789,0.00011339704456077015,0.031343445,0.9997069835662842,-0.05874446779489517,0.8584194779396057,0.0001,0.2,4650,-0.02122339732013643
28,8428,239104,467,0.269921875,-7.574443930387497,0.002447535183182481,0.032242,0.9951654672622681,-0.08352242410182953,0.8574112057685852,0.0001,0.2,4660,-0.026662303321063518
28,8446,239616,468,0.331640625,-7.569842141866684,0.0018556384581643215,0.09072617,0.9958435893058777,-0.10167951881885529,0.8573394417762756,0.0001,0.2,4670,-0.039252470969222485
28,8464,240128,469,0.2931640625,-7.569889068603516,0.00022967618560869595,0.06861356,0.9992675185203552,-0.08114632219076157,0.8569831252098083,0.0001,0.2,4680,-0.038209738180739805
28,8481,240640,470,0.2546875,-7.567487806081772,0.000339841198274371,0.052944202,0.999291718006134,-0.05423789098858833,0.8568684458732605,0.0001,0.2,4690,-0.02628211413975805
28,8499,241152,471,0.2958984375,-7.56693412065506,0.0003530639152813819,0.03871055,0.9990501999855042,-0.0834786668419838,0.8567249774932861,0.0001,0.2,4700,-0.030178144457750022
28,8518,241664,472,0.247265625,-7.572236293554306,0.001604623393905058,0.03485909,0.9965663552284241,-0.09316380321979523,0.8586295247077942,0.0001,0.2,4710,-0.027639530086889862
28,8535,242176,473,0.2580078125,-7.5768805801868435,0.00037493306617761844,0.035185263,0.9988820552825928,-0.09123656898736954,0.8575382828712463,0.0001,0.2,4720,-0.025069598708068953
28,8553,242688,474,0.2099609375,-7.5696180880069734,0.0011443219922512072,0.022637025,0.997514545917511,-0.05124933645129204,0.8571190237998962,0.0001,0.2,4730,-0.02045622201403603
28,8570,243200,475,0.2173828125,-7.56556750535965,0.0007778705573400658,0.02721313,0.998050332069397,-0.11467644572257996,0.8563324809074402,0.0001,0.2,4740,-0.016555138467811047
28,8587,243712,476,0.273046875,-7.5626555442810055,0.00014211777684067784,0.0421556,0.9996775984764099,-0.07286790758371353,0.856339693069458,0.0001,0.2,4750,-0.01817019997397438
28,8604,244224,477,0.2734375,-7.563237828016281,0.0010758674347016496,0.034740232,0.9974924325942993,-0.08727669715881348,0.8562735915184021,0.0001,0.2,4760,-0.01712459617992863
28,8622,244736,478,0.2828125,-7.562827998399735,0.00014903979727023397,0.04219971,0.9995563626289368,-0.07223406434059143,0.8563249707221985,0.0001,0.2,4770,-0.030592917179455982
28,8639,245248,479,0.2109375,-7.563939642906189,0.00025863289320113834,0.02529578,0.9993471503257751,-0.03015207126736641,0.856909453868866,0.0001,0.2,4780,-0.022417729534208775
28,8657,245760,480,0.3048828125,-7.569248712062835,0.0004391302343719872,0.05093558,0.9991090297698975,-0.10869747400283813,0.8577443957328796,0.0001,0.2,4790,-0.030288836685940623
28,8674,246272,481,0.28671875,-7.56918374300003,0.00010645061661307409,0.048285738,0.9997298121452332,-0.08131005614995956,0.8564770817756653,0.0001,0.2,4800,-0.026749576174188404
28,8693,246784,482,0.2083984375,-7.561603927612305,0.0037451831469297757,0.024253039,0.9922850728034973,-0.017470236867666245,0.855975329875946,0.0001,0.2,4810,-0.016981721809133887
28,8712,247296,483,0.26484375,-7.561518394947052,0.00011993619355052943,0.032726515,0.999683678150177,-0.08550660312175751,0.8563229441642761,0.0001,0.2,4820,-0.02692957918625325
28,8729,247808,484,0.2765625,-7.5666329026222225,0.00035440132678559165,0.036676347,0.9993221759796143,-0.09051147848367691,0.8574941158294678,0.0001,0.2,4830,-0.029274943663040176
28,8748,248320,485,0.2361328125,-7.571363478899002,0.00025049698288057696,0.0340191,0.9994200468063354,-0.05659431964159012,0.8575606942176819,0.0001,0.2,4840,-0.02402798743569292
28,8766,248832,486,0.241015625,-7.570258849859238,0.004417155910778093,0.025408955,0.9885242581367493,-0.051358677446842194,0.8571372032165527,0.0001,0.2,4850,-0.014065483346348629
28,8783,249344,487,0.25078125,-7.5618673205375675,0.000726777865565964,0.039847586,0.9968216419219971,-0.08315755426883698,0.8554163575172424,0.0001,0.2,4860,-0.020443768822588027
28,8800,249856,488,0.25859375,-7.559599339962006,0.00014137733746792945,0.041956868,0.9992602467536926,-0.08431023359298706,0.8564985394477844,0.0001,0.2,4870,-0.02609532929491252
28,8820,250368,489,0.2515625,-7.561719685792923,0.0027643078272376444,0.0437656,0.9945898652076721,-0.07110785692930222,0.8554280400276184,0.0001,0.2,4880,-0.01783156453166157
